subscription_id,user_id,plan_name,monthly_fee,start_date,end_date,subscription_status
1,1,Basic,29,2024-09-05,,Active
2,2,Pro,45,2024-02-03,,Active
3,3,Basic,29,2024-10-05,,Active
4,4,Basic,29,2024-06-13,,Active
5,5,Basic,29,2024-11-25,,Active
6,6,Basic,29,2024-08-02,,Active
7,7,Enterprise,79,2024-03-29,,Active
8,8,Basic,29,2024-03-04,,Active
9,9,Pro,45,2024-04-05,,Active
10,10,Basic,29,2024-03-29,,Active
11,11,Pro,45,2024-05-02,,Active
12,12,Enterprise,79,2024-10-16,2025-09-07,Cancelled
13,13,Basic,29,2024-07-10,,Active
14,14,Basic,29,2024-05-29,,Active
15,15,Basic,29,2024-10-18,,Active
16,16,Basic,29,2024-12-06,2026-10-14,Cancelled
17,17,Basic,29,2024-07-16,,Active
18,18,Basic,29,2024-12-26,,Active
19,19,Enterprise,79,2024-02-03,,Active
20,20,Basic,29,2024-03-05,2026-08-08,Cancelled
21,21,Basic,29,2024-03-19,,Active
22,22,Basic,29,2024-04-06,2024-08-29,Cancelled
23,23,Enterprise,79,2024-09-02,,Active
24,24,Basic,29,2024-07-07,,Active
25,25,Basic,29,2024-03-14,,Active
26,26,Basic,29,2024-09-18,,Active
27,27,Basic,29,2024-03-14,,Active
28,28,Pro,45,2024-11-09,,Active
29,29,Basic,29,2024-03-05,2024-04-09,Cancelled
30,30,Pro,45,2024-04-12,,Active
31,31,Basic,29,2024-01-23,,Active
32,32,Basic,29,2024-03-02,,Active
33,33,Basic,29,2024-06-05,,Active
34,34,Pro,45,2024-08-07,,Active
35,35,Basic,29,2024-09-07,,Active
36,36,Basic,29,2024-02-08,,Active
37,37,Basic,29,2024-03-02,,Active
38,38,Basic,29,2024-02-10,,Active
39,39,Pro,45,2024-08-22,,Active
40,40,Pro,45,2024-09-03,,Active
41,41,Basic,29,2024-06-20,,Active
42,42,Basic,29,2024-07-30,,Active
43,43,Basic,29,2024-12-15,,Active
44,44,Basic,29,2024-10-29,,Active
45,45,Basic,29,2024-11-06,2025-06-25,Cancelled
46,46,Basic,29,2024-03-02,,Active
47,47,Basic,29,2024-04-28,,Active
48,48,Pro,45,2024-10-27,,Active
49,49,Pro,45,2024-08-13,,Active
50,50,Basic,29,2024-06-18,,Active
51,51,Basic,29,2024-07-20,2025-04-06,Cancelled
52,52,Pro,45,2024-12-23,,Active
53,53,Basic,29,2024-09-27,,Active
54,54,Pro,45,2024-08-09,,Active
55,55,Pro,45,2024-05-05,2026-11-02,Cancelled
56,56,Enterprise,79,2024-03-06,,Active
57,57,Pro,45,2024-11-09,,Active
58,58,Basic,29,2024-06-25,,Active
59,59,Basic,29,2024-09-11,,Active
60,60,Basic,29,2024-07-20,,Active
61,61,Enterprise,79,2024-07-25,,Active
62,62,Basic,29,2024-12-14,2026-07-18,Cancelled
63,63,Pro,45,2024-07-07,,Active
64,64,Basic,29,2024-02-01,,Active
65,65,Enterprise,79,2024-06-29,,Active
66,66,Basic,29,2024-07-04,,Active
67,67,Enterprise,79,2024-11-06,2026-04-30,Cancelled
68,68,Enterprise,79,2024-09-16,2024-10-23,Cancelled
69,69,Basic,29,2024-01-11,,Active
70,70,Pro,45,2024-03-11,,Active
71,71,Basic,29,2024-04-07,,Active
72,72,Pro,45,2024-01-27,,Active
73,73,Basic,29,2024-04-02,,Active
74,74,Basic,29,2024-03-06,,Active
75,75,Basic,29,2024-12-26,,Active
76,76,Basic,29,2024-08-17,2025-01-07,Cancelled
77,77,Basic,29,2024-10-30,,Active
78,78,Basic,29,2024-11-15,2025-07-08,Cancelled
79,79,Basic,29,2024-10-11,,Active
80,80,Enterprise,79,2024-04-14,,Active
81,81,Pro,45,2024-08-25,,Active
82,82,Basic,29,2024-05-12,,Active
83,83,Basic,29,2024-10-06,,Active
84,84,Basic,29,2024-11-03,2025-09-07,Cancelled
85,85,Enterprise,79,2024-08-02,,Active
86,86,Pro,45,2024-04-07,2026-04-19,Cancelled
87,87,Enterprise,79,2024-10-08,,Active
88,88,Pro,45,2024-03-10,,Active
89,89,Pro,45,2024-02-19,,Active
90,90,Basic,29,2024-05-12,,Active
91,91,Pro,45,2024-07-09,2025-09-12,Cancelled
92,92,Basic,29,2024-04-06,,Active
93,93,Basic,29,2024-04-25,,Active
94,94,Pro,45,2024-08-30,,Active
95,95,Enterprise,79,2024-06-23,,Active
96,96,Basic,29,2024-03-31,,Active
97,97,Enterprise,79,2024-02-27,,Active
98,98,Basic,29,2024-12-23,,Active
99,99,Basic,29,2024-07-10,,Active
100,100,Basic,29,2024-09-18,,Active
101,101,Pro,45,2024-09-10,,Active
102,102,Pro,45,2024-07-01,,Active
103,103,Basic,29,2024-09-14,,Active
104,104,Enterprise,79,2024-02-15,,Active
105,105,Pro,45,2024-01-22,,Active
106,106,Basic,29,2024-08-01,,Active
107,107,Pro,45,2024-11-06,,Active
108,108,Basic,29,2024-02-15,,Active
109,109,Pro,45,2024-07-02,,Active
110,110,Basic,29,2024-05-11,,Active
111,111,Pro,45,2024-07-09,,Active
112,112,Pro,45,2024-12-28,,Active
113,113,Basic,29,2024-01-17,,Active
114,114,Pro,45,2024-02-29,2026-12-10,Cancelled
115,115,Pro,45,2024-12-19,,Active
116,116,Basic,29,2024-05-11,,Active
117,117,Basic,29,2024-08-31,,Active
118,118,Enterprise,79,2024-12-23,2026-10-28,Cancelled
119,119,Pro,45,2024-06-21,,Active
120,120,Basic,29,2024-06-16,2026-08-19,Cancelled
121,121,Basic,29,2024-08-28,,Active
122,122,Basic,29,2024-09-15,,Active
123,123,Basic,29,2024-04-26,2025-02-19,Cancelled
124,124,Basic,29,2024-04-02,,Active
125,125,Basic,29,2024-08-07,,Active
126,126,Pro,45,2024-08-23,,Active
127,127,Basic,29,2024-09-08,2024-12-05,Cancelled
128,128,Basic,29,2024-10-17,,Active
129,129,Enterprise,79,2024-12-20,,Active
130,130,Pro,45,2024-10-19,,Active
131,131,Basic,29,2024-05-22,,Active
132,132,Pro,45,2024-04-11,2026-11-17,Cancelled
133,133,Enterprise,79,2024-12-09,,Active
134,134,Basic,29,2024-04-27,2025-02-25,Cancelled
135,135,Basic,29,2024-04-01,,Active
136,136,Pro,45,2024-12-09,,Active
137,137,Basic,29,2024-09-25,,Active
138,138,Enterprise,79,2024-05-19,,Active
139,139,Pro,45,2024-09-05,,Active
140,140,Basic,29,2024-01-27,,Active
141,141,Basic,29,2024-01-02,2024-01-09,Cancelled
142,142,Pro,45,2024-01-06,,Active
143,143,Pro,45,2024-06-12,,Active
144,144,Basic,29,2024-03-27,,Active
145,145,Enterprise,79,2024-11-25,,Active
146,146,Pro,45,2024-08-24,,Active
147,147,Basic,29,2024-06-25,,Active
148,148,Basic,29,2024-10-06,,Active
149,149,Basic,29,2024-06-10,,Active
150,150,Basic,29,2024-02-05,,Active
151,151,Pro,45,2024-08-06,,Active
152,152,Pro,45,2024-04-21,2026-10-03,Cancelled
153,153,Enterprise,79,2024-05-15,,Active
154,154,Pro,45,2024-08-26,,Active
155,155,Basic,29,2024-05-16,2026-02-20,Cancelled
156,156,Basic,29,2024-01-12,,Active
157,157,Pro,45,2024-10-07,,Active
158,158,Basic,29,2024-09-18,,Active
159,159,Basic,29,2024-02-14,,Active
160,160,Pro,45,2024-03-26,,Active
161,161,Pro,45,2024-05-07,,Active
162,162,Basic,29,2024-08-04,,Active
163,163,Basic,29,2024-11-30,,Active
164,164,Pro,45,2024-05-06,,Active
165,165,Basic,29,2024-08-16,,Active
166,166,Pro,45,2024-09-02,2026-09-02,Cancelled
167,167,Pro,45,2024-02-26,,Active
168,168,Basic,29,2024-06-29,,Active
169,169,Basic,29,2024-01-27,,Active
170,170,Basic,29,2024-06-24,,Active
171,171,Pro,45,2024-08-13,,Active
172,172,Basic,29,2024-03-14,,Active
173,173,Basic,29,2024-10-04,,Active
174,174,Basic,29,2024-08-24,,Active
175,175,Basic,29,2024-01-21,,Active
176,176,Basic,29,2024-10-08,,Active
177,177,Pro,45,2024-12-22,,Active
178,178,Basic,29,2024-04-30,2024-09-05,Cancelled
179,179,Enterprise,79,2024-09-23,,Active
180,180,Enterprise,79,2024-05-12,,Active
181,181,Basic,29,2024-07-16,,Active
182,182,Basic,29,2024-02-20,,Active
183,183,Basic,29,2024-09-19,,Active
184,184,Pro,45,2024-11-10,,Active
185,185,Pro,45,2024-07-14,,Active
186,186,Basic,29,2024-12-05,,Active
187,187,Basic,29,2024-06-23,,Active
188,188,Pro,45,2024-06-10,2025-05-02,Cancelled
189,189,Pro,45,2024-11-21,,Active
190,190,Basic,29,2024-11-18,,Active
191,191,Pro,45,2024-11-20,,Active
192,192,Enterprise,79,2024-04-26,,Active
193,193,Basic,29,2024-07-27,,Active
194,194,Pro,45,2024-04-03,,Active
195,195,Enterprise,79,2024-11-01,,Active
196,196,Pro,45,2024-01-07,2026-12-08,Cancelled
197,197,Basic,29,2024-02-21,,Active
198,198,Pro,45,2024-07-04,,Active
199,199,Basic,29,2024-11-03,,Active
200,200,Basic,29,2024-04-08,,Active
201,201,Basic,29,2024-11-06,2026-12-22,Cancelled
202,202,Basic,29,2024-09-25,,Active
203,203,Pro,45,2024-07-30,,Active
204,204,Basic,29,2024-09-24,2025-02-15,Cancelled
205,205,Enterprise,79,2024-11-03,,Active
206,206,Basic,29,2024-11-25,,Active
207,207,Enterprise,79,2024-05-28,2026-12-29,Cancelled
208,208,Pro,45,2024-10-23,,Active
209,209,Basic,29,2024-10-12,,Active
210,210,Basic,29,2024-03-24,,Active
211,211,Pro,45,2024-12-15,2025-03-14,Cancelled
212,212,Pro,45,2024-04-22,,Active
213,213,Basic,29,2024-03-19,,Active
214,214,Pro,45,2024-02-20,2024-10-02,Cancelled
215,215,Basic,29,2024-11-15,,Active
216,216,Enterprise,79,2024-02-19,2025-10-28,Cancelled
217,217,Basic,29,2024-12-19,,Active
218,218,Basic,29,2024-07-20,2024-10-03,Cancelled
219,219,Pro,45,2024-02-06,,Active
220,220,Basic,29,2024-05-11,,Active
221,221,Basic,29,2024-04-12,,Active
222,222,Basic,29,2024-09-06,,Active
223,223,Enterprise,79,2024-01-24,,Active
224,224,Pro,45,2024-11-30,,Active
225,225,Pro,45,2024-06-23,,Active
226,226,Pro,45,2024-12-02,,Active
227,227,Basic,29,2024-06-30,,Active
228,228,Pro,45,2024-04-19,,Active
229,229,Pro,45,2024-10-09,,Active
230,230,Enterprise,79,2024-04-22,,Active
231,231,Basic,29,2024-02-19,,Active
232,232,Pro,45,2024-08-21,,Active
233,233,Pro,45,2024-06-26,,Active
234,234,Basic,29,2024-05-10,,Active
235,235,Pro,45,2024-09-18,2025-05-10,Cancelled
236,236,Pro,45,2024-10-31,,Active
237,237,Enterprise,79,2024-10-07,,Active
238,238,Basic,29,2024-03-15,,Active
239,239,Basic,29,2024-12-04,,Active
240,240,Enterprise,79,2024-07-23,,Active
241,241,Basic,29,2024-03-15,,Active
242,242,Pro,45,2024-07-05,,Active
243,243,Basic,29,2024-12-13,,Active
244,244,Pro,45,2024-01-31,,Active
245,245,Enterprise,79,2024-12-28,,Active
246,246,Basic,29,2024-03-28,,Active
247,247,Basic,29,2024-01-03,,Active
248,248,Pro,45,2024-05-04,2024-12-25,Cancelled
249,249,Enterprise,79,2024-12-20,,Active
250,250,Enterprise,79,2024-03-13,2024-09-08,Cancelled
251,251,Basic,29,2024-12-26,,Active
252,252,Enterprise,79,2024-06-30,2025-05-17,Cancelled
253,253,Pro,45,2024-01-06,,Active
254,254,Basic,29,2024-11-17,,Active
255,255,Pro,45,2024-12-29,2025-04-30,Cancelled
256,256,Basic,29,2024-08-10,,Active
257,257,Pro,45,2024-06-06,,Active
258,258,Basic,29,2024-03-26,,Active
259,259,Basic,29,2024-11-07,2025-05-09,Cancelled
260,260,Pro,45,2024-01-31,,Active
261,261,Enterprise,79,2024-11-27,,Active
262,262,Pro,45,2024-11-10,,Active
263,263,Pro,45,2024-10-07,,Active
264,264,Basic,29,2024-09-29,,Active
265,265,Basic,29,2024-06-07,,Active
266,266,Pro,45,2024-12-03,,Active
267,267,Basic,29,2024-07-27,,Active
268,268,Basic,29,2024-09-18,,Active
269,269,Basic,29,2024-03-14,2026-02-27,Cancelled
270,270,Pro,45,2024-03-21,,Active
271,271,Pro,45,2024-04-01,,Active
272,272,Basic,29,2024-08-11,,Active
273,273,Basic,29,2024-06-09,,Active
274,274,Basic,29,2024-01-19,,Active
275,275,Basic,29,2024-05-26,,Active
276,276,Basic,29,2024-12-21,,Active
277,277,Basic,29,2024-09-08,,Active
278,278,Enterprise,79,2024-08-22,,Active
279,279,Pro,45,2024-04-27,,Active
280,280,Basic,29,2024-09-27,,Active
281,281,Basic,29,2024-09-08,,Active
282,282,Pro,45,2024-07-01,,Active
283,283,Basic,29,2024-02-26,,Active
284,284,Basic,29,2024-03-30,,Active
285,285,Basic,29,2024-03-06,,Active
286,286,Pro,45,2024-01-23,,Active
287,287,Basic,29,2024-03-30,,Active
288,288,Basic,29,2024-09-15,,Active
289,289,Basic,29,2024-01-07,,Active
290,290,Basic,29,2024-11-09,,Active
291,291,Basic,29,2024-11-12,2026-08-11,Cancelled
292,292,Pro,45,2024-03-28,2026-03-22,Cancelled
293,293,Basic,29,2024-07-03,,Active
294,294,Basic,29,2024-08-07,,Active
295,295,Pro,45,2024-12-10,,Active
296,296,Enterprise,79,2024-12-26,,Active
297,297,Basic,29,2024-12-26,,Active
298,298,Basic,29,2024-05-29,,Active
299,299,Basic,29,2024-02-07,,Active
300,300,Pro,45,2024-09-03,2025-04-07,Cancelled
301,301,Basic,29,2024-09-20,,Active
302,302,Basic,29,2024-02-29,,Active
303,303,Pro,45,2024-01-03,,Active
304,304,Basic,29,2024-08-04,,Active
305,305,Basic,29,2024-12-01,,Active
306,306,Basic,29,2024-08-10,,Active
307,307,Pro,45,2024-03-05,,Active
308,308,Basic,29,2024-08-30,,Active
309,309,Pro,45,2024-05-27,,Active
310,310,Pro,45,2024-03-19,,Active
311,311,Basic,29,2024-05-06,,Active
312,312,Pro,45,2024-03-10,,Active
313,313,Basic,29,2024-11-05,,Active
314,314,Pro,45,2024-04-27,,Active
315,315,Enterprise,79,2024-08-14,,Active
316,316,Pro,45,2024-09-29,,Active
317,317,Basic,29,2024-05-17,,Active
318,318,Pro,45,2024-02-11,,Active
319,319,Basic,29,2024-08-16,,Active
320,320,Basic,29,2024-02-15,,Active
321,321,Pro,45,2024-05-15,,Active
322,322,Basic,29,2024-11-25,,Active
323,323,Pro,45,2024-08-05,,Active
324,324,Basic,29,2024-01-12,,Active
325,325,Enterprise,79,2024-03-20,,Active
326,326,Basic,29,2024-05-06,,Active
327,327,Basic,29,2024-08-19,,Active
328,328,Basic,29,2024-10-01,,Active
329,329,Pro,45,2024-03-12,2024-06-03,Cancelled
330,330,Basic,29,2024-09-03,,Active
331,331,Pro,45,2024-03-13,,Active
332,332,Basic,29,2024-11-12,2025-05-09,Cancelled
333,333,Pro,45,2024-11-22,,Active
334,334,Basic,29,2024-04-22,,Active
335,335,Basic,29,2024-02-14,,Active
336,336,Basic,29,2024-06-14,,Active
337,337,Basic,29,2024-05-15,,Active
338,338,Basic,29,2024-08-16,,Active
339,339,Pro,45,2024-11-11,2025-03-29,Cancelled
340,340,Basic,29,2024-04-23,,Active
341,341,Basic,29,2024-12-22,,Active
342,342,Pro,45,2024-10-22,,Active
343,343,Pro,45,2024-09-03,,Active
344,344,Pro,45,2024-05-07,,Active
345,345,Basic,29,2024-09-27,,Active
346,346,Enterprise,79,2024-04-14,,Active
347,347,Basic,29,2024-12-13,,Active
348,348,Basic,29,2024-06-26,,Active
349,349,Basic,29,2024-02-06,,Active
350,350,Basic,29,2024-09-28,,Active
351,351,Pro,45,2024-08-18,2025-02-14,Cancelled
352,352,Pro,45,2024-01-28,,Active
353,353,Enterprise,79,2024-05-28,,Active
354,354,Enterprise,79,2024-09-09,2025-03-03,Cancelled
355,355,Pro,45,2024-11-29,,Active
356,356,Pro,45,2024-05-02,,Active
357,357,Basic,29,2024-04-20,,Active
358,358,Basic,29,2024-10-17,,Active
359,359,Pro,45,2024-09-04,,Active
360,360,Basic,29,2024-06-12,2026-01-27,Cancelled
361,361,Pro,45,2024-03-24,2025-12-09,Cancelled
362,362,Basic,29,2024-09-29,,Active
363,363,Basic,29,2024-12-23,2025-03-14,Cancelled
364,364,Basic,29,2024-09-21,,Active
365,365,Basic,29,2024-02-15,,Active
366,366,Enterprise,79,2024-01-05,,Active
367,367,Basic,29,2024-12-10,,Active
368,368,Pro,45,2024-10-03,,Active
369,369,Basic,29,2024-03-02,,Active
370,370,Pro,45,2024-11-29,,Active
371,371,Basic,29,2024-08-02,,Active
372,372,Basic,29,2024-05-04,,Active
373,373,Pro,45,2024-06-04,,Active
374,374,Basic,29,2024-05-23,,Active
375,375,Basic,29,2024-10-27,,Active
376,376,Basic,29,2024-03-31,,Active
377,377,Pro,45,2024-05-26,,Active
378,378,Basic,29,2024-10-03,,Active
379,379,Pro,45,2024-10-17,,Active
380,380,Basic,29,2024-06-17,,Active
381,381,Pro,45,2024-06-24,,Active
382,382,Pro,45,2024-05-01,2024-11-18,Cancelled
383,383,Basic,29,2024-02-05,2024-11-11,Cancelled
384,384,Basic,29,2024-02-05,,Active
385,385,Pro,45,2024-01-13,2024-03-18,Cancelled
386,386,Pro,45,2024-02-17,,Active
387,387,Pro,45,2024-09-01,,Active
388,388,Basic,29,2024-06-21,2024-12-25,Cancelled
389,389,Basic,29,2024-12-24,,Active
390,390,Pro,45,2024-03-24,,Active
391,391,Basic,29,2024-09-08,,Active
392,392,Basic,29,2024-03-18,,Active
393,393,Pro,45,2024-07-05,2024-08-23,Cancelled
394,394,Basic,29,2024-08-19,2026-07-13,Cancelled
395,395,Pro,45,2024-10-24,,Active
396,396,Basic,29,2024-01-22,,Active
397,397,Basic,29,2024-04-01,,Active
398,398,Enterprise,79,2024-08-06,,Active
399,399,Enterprise,79,2024-01-15,,Active
400,400,Basic,29,2024-11-09,,Active
401,401,Basic,29,2025-12-23,,Active
402,402,Enterprise,79,2025-02-09,,Active
403,403,Basic,29,2025-05-04,,Active
404,404,Basic,29,2025-04-30,,Active
405,405,Basic,29,2025-11-27,,Active
406,406,Pro,45,2025-02-24,,Active
407,407,Pro,45,2025-01-05,,Active
408,408,Basic,29,2025-06-20,,Active
409,409,Basic,29,2025-05-26,,Active
410,410,Basic,29,2025-04-25,,Active
411,411,Pro,45,2025-01-30,,Active
412,412,Pro,45,2025-03-06,,Active
413,413,Basic,29,2025-08-04,2025-11-17,Cancelled
414,414,Pro,45,2025-08-11,,Active
415,415,Basic,29,2025-08-31,2026-05-24,Cancelled
416,416,Pro,45,2025-11-24,,Active
417,417,Basic,29,2025-05-25,,Active
418,418,Enterprise,79,2025-08-08,2026-09-23,Cancelled
419,419,Pro,45,2025-10-21,,Active
420,420,Pro,45,2025-08-11,,Active
421,421,Basic,29,2025-09-21,,Active
422,422,Pro,45,2025-01-17,,Active
423,423,Pro,45,2025-12-22,,Active
424,424,Basic,29,2025-11-02,,Active
425,425,Basic,29,2025-08-15,,Active
426,426,Basic,29,2025-12-07,,Active
427,427,Basic,29,2025-02-25,,Active
428,428,Basic,29,2025-04-03,,Active
429,429,Pro,45,2025-11-24,,Active
430,430,Basic,29,2025-04-15,,Active
431,431,Basic,29,2025-07-08,,Active
432,432,Basic,29,2025-02-22,,Active
433,433,Basic,29,2025-04-07,2026-11-18,Cancelled
434,434,Enterprise,79,2025-06-04,,Active
435,435,Basic,29,2025-08-16,,Active
436,436,Basic,29,2025-05-31,,Active
437,437,Enterprise,79,2025-03-22,,Active
438,438,Basic,29,2025-08-22,,Active
439,439,Basic,29,2025-11-27,,Active
440,440,Pro,45,2025-09-15,,Active
441,441,Basic,29,2025-05-11,,Active
442,442,Basic,29,2025-11-09,,Active
443,443,Enterprise,79,2025-04-11,,Active
444,444,Basic,29,2025-07-27,,Active
445,445,Basic,29,2025-04-25,,Active
446,446,Basic,29,2025-02-04,,Active
447,447,Pro,45,2025-04-12,,Active
448,448,Basic,29,2025-01-28,,Active
449,449,Basic,29,2025-12-05,,Active
450,450,Basic,29,2025-05-03,,Active
451,451,Basic,29,2025-01-23,,Active
452,452,Basic,29,2025-02-20,,Active
453,453,Pro,45,2025-03-19,,Active
454,454,Basic,29,2025-04-07,,Active
455,455,Pro,45,2025-01-26,,Active
456,456,Pro,45,2025-05-20,,Active
457,457,Pro,45,2025-02-20,,Active
458,458,Basic,29,2025-05-26,,Active
459,459,Basic,29,2025-09-11,,Active
460,460,Pro,45,2025-07-04,,Active
461,461,Basic,29,2025-07-22,2026-06-26,Cancelled
462,462,Basic,29,2025-02-14,,Active
463,463,Basic,29,2025-06-09,,Active
464,464,Basic,29,2025-01-02,,Active
465,465,Enterprise,79,2025-01-30,2025-08-11,Cancelled
466,466,Pro,45,2025-06-30,,Active
467,467,Enterprise,79,2025-02-15,,Active
468,468,Basic,29,2025-12-14,,Active
469,469,Enterprise,79,2025-06-05,,Active
470,470,Enterprise,79,2025-02-13,,Active
471,471,Pro,45,2025-11-08,,Active
472,472,Basic,29,2025-02-13,,Active
473,473,Basic,29,2025-08-08,,Active
474,474,Basic,29,2025-05-15,,Active
475,475,Basic,29,2025-11-26,,Active
476,476,Enterprise,79,2025-01-20,,Active
477,477,Basic,29,2025-06-24,2025-11-24,Cancelled
478,478,Basic,29,2025-06-06,,Active
479,479,Pro,45,2025-04-29,2026-08-25,Cancelled
480,480,Basic,29,2025-11-14,2026-04-29,Cancelled
481,481,Basic,29,2025-06-25,,Active
482,482,Pro,45,2025-05-26,2025-06-23,Cancelled
483,483,Basic,29,2025-02-11,,Active
484,484,Basic,29,2025-10-06,,Active
485,485,Pro,45,2025-08-17,,Active
486,486,Basic,29,2025-07-07,,Active
487,487,Pro,45,2025-09-13,,Active
488,488,Pro,45,2025-10-24,,Active
489,489,Pro,45,2025-08-22,2026-04-07,Cancelled
490,490,Basic,29,2025-03-23,,Active
491,491,Basic,29,2025-07-15,2026-10-02,Cancelled
492,492,Basic,29,2025-10-03,,Active
493,493,Pro,45,2025-02-11,,Active
494,494,Basic,29,2025-09-23,,Active
495,495,Pro,45,2025-11-13,2026-04-11,Cancelled
496,496,Pro,45,2025-07-18,2026-06-18,Cancelled
497,497,Basic,29,2025-05-02,,Active
498,498,Enterprise,79,2025-11-19,,Active
499,499,Pro,45,2025-10-29,,Active
500,500,Pro,45,2025-02-16,,Active
501,501,Basic,29,2025-05-09,,Active
502,502,Pro,45,2025-11-03,2026-08-25,Cancelled
503,503,Basic,29,2025-11-02,,Active
504,504,Pro,45,2025-05-09,,Active
505,505,Basic,29,2025-01-04,,Active
506,506,Basic,29,2025-05-29,,Active
507,507,Pro,45,2025-11-08,,Active
508,508,Basic,29,2025-03-07,,Active
509,509,Basic,29,2025-12-02,,Active
510,510,Basic,29,2025-09-24,2026-06-12,Cancelled
511,511,Basic,29,2025-08-05,,Active
512,512,Pro,45,2025-06-18,,Active
513,513,Pro,45,2025-08-16,,Active
514,514,Pro,45,2025-02-03,,Active
515,515,Basic,29,2025-10-18,2026-03-28,Cancelled
516,516,Enterprise,79,2025-09-09,,Active
517,517,Basic,29,2025-06-03,,Active
518,518,Basic,29,2025-03-13,2026-05-03,Cancelled
519,519,Pro,45,2025-11-27,,Active
520,520,Basic,29,2025-03-18,,Active
521,521,Pro,45,2025-08-29,,Active
522,522,Basic,29,2025-08-08,,Active
523,523,Enterprise,79,2025-10-04,,Active
524,524,Basic,29,2025-06-29,,Active
525,525,Pro,45,2025-11-30,2025-12-10,Cancelled
526,526,Basic,29,2025-09-03,,Active
527,527,Enterprise,79,2025-12-14,,Active
528,528,Basic,29,2025-06-04,,Active
529,529,Basic,29,2025-03-11,,Active
530,530,Basic,29,2025-01-16,,Active
531,531,Basic,29,2025-05-31,,Active
532,532,Basic,29,2025-04-13,2026-09-07,Cancelled
533,533,Basic,29,2025-07-20,,Active
534,534,Enterprise,79,2025-11-04,,Active
535,535,Pro,45,2025-03-24,,Active
536,536,Pro,45,2025-10-07,2026-02-22,Cancelled
537,537,Basic,29,2025-01-17,,Active
538,538,Pro,45,2025-04-11,,Active
539,539,Basic,29,2025-02-03,,Active
540,540,Pro,45,2025-02-25,,Active
541,541,Basic,29,2025-08-18,,Active
542,542,Pro,45,2025-09-23,,Active
543,543,Basic,29,2025-12-07,,Active
544,544,Basic,29,2025-11-18,,Active
545,545,Basic,29,2025-09-28,,Active
546,546,Basic,29,2025-12-19,,Active
547,547,Basic,29,2025-04-21,,Active
548,548,Basic,29,2025-07-22,,Active
549,549,Pro,45,2025-09-11,2026-08-30,Cancelled
550,550,Pro,45,2025-08-03,,Active
551,551,Basic,29,2025-05-14,2026-10-01,Cancelled
552,552,Enterprise,79,2025-03-04,,Active
553,553,Pro,45,2025-11-09,,Active
554,554,Pro,45,2025-05-25,,Active
555,555,Basic,29,2025-10-04,,Active
556,556,Enterprise,79,2025-11-27,2026-07-19,Cancelled
557,557,Basic,29,2025-03-31,,Active
558,558,Basic,29,2025-10-30,2026-12-08,Cancelled
559,559,Pro,45,2025-12-23,,Active
560,560,Basic,29,2025-03-17,,Active
561,561,Basic,29,2025-07-15,,Active
562,562,Enterprise,79,2025-06-21,,Active
563,563,Basic,29,2025-12-01,,Active
564,564,Pro,45,2025-06-10,,Active
565,565,Basic,29,2025-10-18,,Active
566,566,Basic,29,2025-04-15,,Active
567,567,Pro,45,2025-04-05,,Active
568,568,Basic,29,2025-02-16,2025-05-07,Cancelled
569,569,Basic,29,2025-11-26,,Active
570,570,Basic,29,2025-03-28,,Active
571,571,Basic,29,2025-07-15,,Active
572,572,Basic,29,2025-06-28,,Active
573,573,Basic,29,2025-08-26,2025-12-20,Cancelled
574,574,Pro,45,2025-03-13,,Active
575,575,Enterprise,79,2025-09-24,,Active
576,576,Basic,29,2025-02-26,,Active
577,577,Basic,29,2025-07-20,,Active
578,578,Pro,45,2025-02-08,,Active
579,579,Enterprise,79,2025-10-17,,Active
580,580,Basic,29,2025-12-03,,Active
581,581,Basic,29,2025-09-19,,Active
582,582,Basic,29,2025-02-26,,Active
583,583,Basic,29,2025-11-26,,Active
584,584,Basic,29,2025-09-08,,Active
585,585,Basic,29,2025-03-06,,Active
586,586,Basic,29,2025-06-04,,Active
587,587,Basic,29,2025-02-10,,Active
588,588,Enterprise,79,2025-04-21,,Active
589,589,Basic,29,2025-12-02,,Active
590,590,Basic,29,2025-08-18,,Active
591,591,Pro,45,2025-05-01,,Active
592,592,Basic,29,2025-03-02,,Active
593,593,Basic,29,2025-09-25,2026-05-02,Cancelled
594,594,Basic,29,2025-03-31,2025-08-14,Cancelled
595,595,Pro,45,2025-10-14,2025-12-31,Cancelled
596,596,Basic,29,2025-11-10,2026-01-18,Cancelled
597,597,Basic,29,2025-04-23,,Active
598,598,Pro,45,2025-01-20,,Active
599,599,Basic,29,2025-02-05,,Active
600,600,Enterprise,79,2025-09-28,,Active
601,601,Pro,45,2025-07-30,,Active
602,602,Basic,29,2025-04-07,,Active
603,603,Pro,45,2025-07-22,,Active
604,604,Basic,29,2025-08-02,,Active
605,605,Pro,45,2025-03-26,,Active
606,606,Basic,29,2025-06-03,,Active
607,607,Pro,45,2025-10-27,,Active
608,608,Enterprise,79,2025-09-08,,Active
609,609,Basic,29,2025-10-21,,Active
610,610,Pro,45,2025-04-08,,Active
611,611,Basic,29,2025-03-14,,Active
612,612,Pro,45,2025-11-15,,Active
613,613,Basic,29,2025-11-29,,Active
614,614,Basic,29,2025-03-15,2025-10-21,Cancelled
615,615,Basic,29,2025-07-23,2025-08-09,Cancelled
616,616,Pro,45,2025-03-16,,Active
617,617,Basic,29,2025-04-10,,Active
618,618,Pro,45,2025-12-27,,Active
619,619,Pro,45,2025-11-16,,Active
620,620,Pro,45,2025-03-25,,Active
621,621,Basic,29,2025-04-07,,Active
622,622,Basic,29,2025-08-12,,Active
623,623,Pro,45,2025-07-16,,Active
624,624,Basic,29,2025-05-07,,Active
625,625,Basic,29,2025-05-26,,Active
626,626,Pro,45,2025-10-10,,Active
627,627,Basic,29,2025-03-28,,Active
628,628,Pro,45,2025-12-26,,Active
629,629,Basic,29,2025-04-08,,Active
630,630,Pro,45,2025-01-30,,Active
631,631,Basic,29,2025-11-10,,Active
632,632,Basic,29,2025-12-04,,Active
633,633,Basic,29,2025-04-29,,Active
634,634,Basic,29,2025-09-19,,Active
635,635,Basic,29,2025-02-27,,Active
636,636,Pro,45,2025-07-14,2026-09-20,Cancelled
637,637,Basic,29,2025-09-11,,Active
638,638,Basic,29,2025-05-06,,Active
639,639,Basic,29,2025-05-05,,Active
640,640,Pro,45,2025-08-31,,Active
641,641,Basic,29,2025-11-28,,Active
642,642,Pro,45,2025-05-14,,Active
643,643,Basic,29,2025-03-21,,Active
644,644,Pro,45,2025-08-15,,Active
645,645,Enterprise,79,2025-04-16,,Active
646,646,Enterprise,79,2025-05-20,,Active
647,647,Basic,29,2025-10-03,2026-08-05,Cancelled
648,648,Basic,29,2025-08-06,,Active
649,649,Pro,45,2025-05-15,,Active
650,650,Basic,29,2025-08-04,,Active
651,651,Basic,29,2025-05-29,,Active
652,652,Basic,29,2025-05-02,,Active
653,653,Enterprise,79,2025-11-07,,Active
654,654,Pro,45,2025-09-12,,Active
655,655,Pro,45,2025-10-10,,Active
656,656,Pro,45,2025-12-29,,Active
657,657,Basic,29,2025-08-28,,Active
658,658,Basic,29,2025-09-25,,Active
659,659,Pro,45,2025-11-27,,Active
660,660,Basic,29,2025-12-26,,Active
661,661,Basic,29,2025-12-03,,Active
662,662,Pro,45,2025-10-13,,Active
663,663,Basic,29,2025-12-07,,Active
664,664,Basic,29,2025-03-15,,Active
665,665,Pro,45,2025-12-23,,Active
666,666,Pro,45,2025-03-11,,Active
667,667,Basic,29,2025-03-11,,Active
668,668,Pro,45,2025-09-09,,Active
669,669,Enterprise,79,2025-05-21,,Active
670,670,Basic,29,2025-12-21,2026-08-20,Cancelled
671,671,Pro,45,2025-01-20,,Active
672,672,Basic,29,2025-12-15,,Active
673,673,Basic,29,2025-11-10,,Active
674,674,Pro,45,2025-08-22,,Active
675,675,Basic,29,2025-05-16,,Active
676,676,Basic,29,2025-06-11,,Active
677,677,Pro,45,2025-12-28,,Active
678,678,Pro,45,2025-11-24,,Active
679,679,Pro,45,2025-09-28,,Active
680,680,Basic,29,2025-04-22,,Active
681,681,Basic,29,2025-07-21,,Active
682,682,Basic,29,2025-02-15,2026-03-29,Cancelled
683,683,Basic,29,2025-01-18,,Active
684,684,Pro,45,2025-11-03,,Active
685,685,Pro,45,2025-10-09,,Active
686,686,Basic,29,2025-07-06,,Active
687,687,Pro,45,2025-12-14,,Active
688,688,Basic,29,2025-09-21,,Active
689,689,Basic,29,2025-04-19,,Active
690,690,Pro,45,2025-02-15,,Active
691,691,Basic,29,2025-07-13,,Active
692,692,Basic,29,2025-05-26,,Active
693,693,Enterprise,79,2025-12-18,,Active
694,694,Basic,29,2025-09-20,,Active
695,695,Basic,29,2025-11-26,,Active
696,696,Basic,29,2025-05-02,2025-08-19,Cancelled
697,697,Basic,29,2025-07-26,,Active
698,698,Basic,29,2025-08-06,2026-04-24,Cancelled
699,699,Basic,29,2025-03-08,,Active
700,700,Basic,29,2025-12-17,,Active
701,701,Pro,45,2025-12-13,,Active
702,702,Basic,29,2025-12-25,,Active
703,703,Basic,29,2025-09-08,,Active
704,704,Basic,29,2025-12-21,2026-11-19,Cancelled
705,705,Basic,29,2025-01-12,,Active
706,706,Basic,29,2025-02-19,,Active
707,707,Basic,29,2025-07-26,,Active
708,708,Pro,45,2025-01-26,,Active
709,709,Basic,29,2025-09-27,,Active
710,710,Basic,29,2025-05-07,,Active
711,711,Enterprise,79,2025-11-13,,Active
712,712,Basic,29,2025-12-17,2025-12-20,Cancelled
713,713,Basic,29,2025-08-13,,Active
714,714,Basic,29,2025-12-22,,Active
715,715,Enterprise,79,2025-05-24,,Active
716,716,Pro,45,2025-06-17,,Active
717,717,Basic,29,2025-03-24,,Active
718,718,Pro,45,2025-03-01,,Active
719,719,Basic,29,2025-12-10,,Active
720,720,Basic,29,2025-08-23,,Active
721,721,Basic,29,2025-05-18,,Active
722,722,Pro,45,2025-07-14,,Active
723,723,Pro,45,2025-05-24,,Active
724,724,Basic,29,2025-06-30,,Active
725,725,Enterprise,79,2025-01-31,,Active
726,726,Enterprise,79,2025-07-02,2026-09-22,Cancelled
727,727,Pro,45,2025-01-14,,Active
728,728,Basic,29,2025-08-11,,Active
729,729,Basic,29,2025-01-30,,Active
730,730,Basic,29,2025-02-13,,Active
731,731,Pro,45,2025-10-31,,Active
732,732,Enterprise,79,2025-08-20,,Active
733,733,Basic,29,2025-06-20,,Active
734,734,Basic,29,2025-03-07,2026-08-05,Cancelled
735,735,Basic,29,2025-04-12,2025-12-21,Cancelled
736,736,Pro,45,2025-09-23,,Active
737,737,Pro,45,2025-11-30,,Active
738,738,Enterprise,79,2025-10-18,,Active
739,739,Basic,29,2025-01-05,2025-04-19,Cancelled
740,740,Pro,45,2025-03-27,,Active
741,741,Basic,29,2025-08-21,,Active
742,742,Basic,29,2025-08-08,,Active
743,743,Pro,45,2025-09-06,,Active
744,744,Basic,29,2025-05-29,,Active
745,745,Basic,29,2025-08-26,,Active
746,746,Pro,45,2025-12-21,,Active
747,747,Basic,29,2025-01-08,,Active
748,748,Pro,45,2025-05-09,,Active
749,749,Basic,29,2025-10-31,,Active
750,750,Basic,29,2025-02-17,,Active
751,751,Basic,29,2025-11-28,,Active
752,752,Basic,29,2025-05-30,,Active
753,753,Basic,29,2025-12-10,2026-02-06,Cancelled
754,754,Enterprise,79,2025-07-09,,Active
755,755,Pro,45,2025-01-07,,Active
756,756,Basic,29,2025-09-17,,Active
757,757,Basic,29,2025-01-15,,Active
758,758,Pro,45,2025-03-08,,Active
759,759,Pro,45,2025-01-25,2026-05-03,Cancelled
760,760,Pro,45,2025-11-12,,Active
761,761,Enterprise,79,2025-05-05,,Active
762,762,Pro,45,2025-10-22,,Active
763,763,Basic,29,2025-02-21,,Active
764,764,Basic,29,2025-01-03,,Active
765,765,Basic,29,2025-02-25,,Active
766,766,Basic,29,2025-10-06,,Active
767,767,Basic,29,2025-02-07,,Active
768,768,Pro,45,2025-04-18,,Active
769,769,Enterprise,79,2025-12-25,,Active
770,770,Basic,29,2025-01-17,,Active
771,771,Pro,45,2025-01-28,2025-09-07,Cancelled
772,772,Enterprise,79,2025-05-07,,Active
773,773,Basic,29,2025-08-16,2026-06-03,Cancelled
774,774,Enterprise,79,2025-06-27,,Active
775,775,Basic,29,2025-01-24,2025-05-04,Cancelled
776,776,Basic,29,2025-12-11,,Active
777,777,Pro,45,2025-02-03,,Active
778,778,Enterprise,79,2025-01-06,2025-01-19,Cancelled
779,779,Pro,45,2025-12-21,,Active
780,780,Enterprise,79,2025-01-14,2026-10-28,Cancelled
781,781,Basic,29,2025-10-20,,Active
782,782,Basic,29,2025-01-07,2026-10-08,Cancelled
783,783,Enterprise,79,2025-12-06,,Active
784,784,Basic,29,2025-01-28,,Active
785,785,Pro,45,2025-08-12,,Active
786,786,Pro,45,2025-05-22,2026-08-24,Cancelled
787,787,Basic,29,2025-10-01,,Active
788,788,Pro,45,2025-10-20,,Active
789,789,Basic,29,2025-09-22,,Active
790,790,Basic,29,2025-07-02,,Active
791,791,Basic,29,2025-12-13,,Active
792,792,Enterprise,79,2025-03-05,,Active
793,793,Pro,45,2025-06-11,,Active
794,794,Basic,29,2025-01-25,,Active
795,795,Basic,29,2025-08-19,,Active
796,796,Basic,29,2025-03-08,,Active
797,797,Basic,29,2025-04-21,,Active
798,798,Basic,29,2025-04-03,,Active
799,799,Basic,29,2025-08-07,,Active
800,800,Basic,29,2025-07-27,,Active
801,801,Pro,45,2025-03-02,,Active
802,802,Basic,29,2025-10-20,,Active
803,803,Basic,29,2025-07-06,,Active
804,804,Basic,29,2025-05-19,,Active
805,805,Basic,29,2025-01-09,,Active
806,806,Basic,29,2025-05-04,,Active
807,807,Basic,29,2025-05-25,2025-10-22,Cancelled
808,808,Basic,29,2025-10-10,,Active
809,809,Pro,45,2025-12-15,,Active
810,810,Pro,45,2025-05-11,,Active
811,811,Basic,29,2025-06-10,2026-12-06,Cancelled
812,812,Pro,45,2025-08-04,,Active
813,813,Pro,45,2025-01-11,,Active
814,814,Basic,29,2025-06-12,2026-03-23,Cancelled
815,815,Basic,29,2025-08-21,,Active
816,816,Enterprise,79,2025-07-19,,Active
817,817,Pro,45,2025-02-22,,Active
818,818,Basic,29,2025-12-30,,Active
819,819,Basic,29,2025-12-05,,Active
820,820,Pro,45,2025-08-14,2026-05-12,Cancelled
821,821,Basic,29,2025-12-24,,Active
822,822,Basic,29,2025-08-27,,Active
823,823,Pro,45,2025-11-15,,Active
824,824,Basic,29,2025-10-24,,Active
825,825,Pro,45,2025-09-25,,Active
826,826,Pro,45,2025-01-31,,Active
827,827,Enterprise,79,2025-08-19,,Active
828,828,Basic,29,2025-10-31,,Active
829,829,Enterprise,79,2025-02-26,,Active
830,830,Pro,45,2025-07-16,,Active
831,831,Basic,29,2025-03-08,,Active
832,832,Pro,45,2025-07-04,2026-04-25,Cancelled
833,833,Pro,45,2025-06-14,,Active
834,834,Basic,29,2025-07-12,2025-09-01,Cancelled
835,835,Pro,45,2025-04-21,,Active
836,836,Basic,29,2025-11-29,,Active
837,837,Pro,45,2025-01-05,,Active
838,838,Pro,45,2025-08-18,,Active
839,839,Basic,29,2025-03-19,,Active
840,840,Basic,29,2025-10-25,,Active
841,841,Basic,29,2025-06-07,,Active
842,842,Enterprise,79,2025-02-22,,Active
843,843,Pro,45,2025-08-23,,Active
844,844,Pro,45,2025-10-26,2025-10-26,Cancelled
845,845,Basic,29,2025-10-24,,Active
846,846,Basic,29,2025-06-28,,Active
847,847,Basic,29,2025-02-22,,Active
848,848,Basic,29,2025-08-11,,Active
849,849,Basic,29,2025-08-28,,Active
850,850,Basic,29,2025-05-16,,Active
851,851,Basic,29,2025-06-09,,Active
852,852,Pro,45,2025-05-12,,Active
853,853,Pro,45,2025-01-08,,Active
854,854,Basic,29,2025-02-07,,Active
855,855,Enterprise,79,2025-04-27,,Active
856,856,Basic,29,2025-04-13,,Active
857,857,Pro,45,2025-11-24,,Active
858,858,Pro,45,2025-09-11,,Active
859,859,Pro,45,2025-07-20,,Active
860,860,Basic,29,2025-08-13,,Active
861,861,Basic,29,2025-01-24,,Active
862,862,Pro,45,2025-06-09,,Active
863,863,Pro,45,2025-09-08,,Active
864,864,Pro,45,2025-11-06,,Active
865,865,Pro,45,2025-03-03,,Active
866,866,Pro,45,2025-07-08,,Active
867,867,Enterprise,79,2025-09-18,2026-03-03,Cancelled
868,868,Pro,45,2025-12-29,,Active
869,869,Pro,45,2025-02-17,,Active
870,870,Basic,29,2025-12-30,,Active
871,871,Basic,29,2025-07-10,,Active
872,872,Basic,29,2025-12-08,,Active
873,873,Basic,29,2025-11-23,,Active
874,874,Enterprise,79,2025-09-30,2026-12-15,Cancelled
875,875,Pro,45,2025-12-27,,Active
876,876,Pro,45,2025-12-22,,Active
877,877,Basic,29,2025-11-16,,Active
878,878,Basic,29,2025-04-12,,Active
879,879,Basic,29,2025-09-07,,Active
880,880,Enterprise,79,2025-08-12,,Active
881,881,Enterprise,79,2025-06-25,,Active
882,882,Pro,45,2025-05-23,,Active
883,883,Basic,29,2025-09-09,,Active
884,884,Pro,45,2025-01-20,,Active
885,885,Enterprise,79,2025-02-15,,Active
886,886,Basic,29,2025-03-29,,Active
887,887,Basic,29,2025-06-17,,Active
888,888,Pro,45,2025-06-08,,Active
889,889,Pro,45,2025-08-15,,Active
890,890,Pro,45,2025-09-24,,Active
891,891,Pro,45,2025-05-10,,Active
892,892,Basic,29,2025-04-28,,Active
893,893,Basic,29,2025-07-11,,Active
894,894,Basic,29,2025-02-15,,Active
895,895,Pro,45,2025-08-27,,Active
896,896,Basic,29,2025-07-10,,Active
897,897,Basic,29,2025-03-31,2026-07-07,Cancelled
898,898,Basic,29,2025-06-21,,Active
899,899,Basic,29,2025-02-18,,Active
900,900,Basic,29,2025-12-12,,Active
901,901,Basic,29,2025-12-24,,Active
902,902,Basic,29,2025-08-18,,Active
903,903,Basic,29,2025-07-06,,Active
904,904,Basic,29,2025-06-25,,Active
905,905,Pro,45,2025-04-20,,Active
906,906,Pro,45,2025-04-04,2025-12-28,Cancelled
907,907,Enterprise,79,2025-09-09,,Active
908,908,Basic,29,2025-12-17,,Active
909,909,Pro,45,2025-07-05,2025-10-12,Cancelled
910,910,Basic,29,2025-06-18,2026-12-09,Cancelled
911,911,Basic,29,2025-10-05,,Active
912,912,Basic,29,2025-04-27,,Active
913,913,Pro,45,2025-08-02,,Active
914,914,Basic,29,2025-10-07,,Active
915,915,Pro,45,2025-09-14,2026-12-11,Cancelled
916,916,Pro,45,2025-05-02,,Active
917,917,Pro,45,2025-01-31,,Active
918,918,Basic,29,2025-02-15,,Active
919,919,Pro,45,2025-10-09,,Active
920,920,Basic,29,2025-02-22,,Active
921,921,Basic,29,2025-02-26,,Active
922,922,Basic,29,2025-07-04,,Active
923,923,Basic,29,2025-11-30,,Active
924,924,Pro,45,2025-09-02,2026-09-22,Cancelled
925,925,Pro,45,2025-08-04,2025-08-17,Cancelled
926,926,Pro,45,2025-01-08,,Active
927,927,Pro,45,2025-08-30,,Active
928,928,Basic,29,2025-05-14,,Active
929,929,Basic,29,2025-10-08,,Active
930,930,Basic,29,2025-04-20,,Active
931,931,Pro,45,2025-11-05,,Active
932,932,Pro,45,2025-12-09,,Active
933,933,Pro,45,2025-08-28,,Active
934,934,Basic,29,2025-12-15,2026-10-12,Cancelled
935,935,Pro,45,2025-11-07,,Active
936,936,Basic,29,2025-11-16,,Active
937,937,Basic,29,2025-10-10,,Active
938,938,Basic,29,2025-02-17,2025-05-03,Cancelled
939,939,Basic,29,2025-04-22,,Active
940,940,Pro,45,2025-02-28,2025-08-24,Cancelled
941,941,Basic,29,2025-12-15,,Active
942,942,Enterprise,79,2025-10-06,2026-09-23,Cancelled
943,943,Basic,29,2025-06-02,,Active
944,944,Pro,45,2025-12-07,2026-03-09,Cancelled
945,945,Basic,29,2025-11-18,,Active
946,946,Enterprise,79,2025-08-31,,Active
947,947,Pro,45,2025-01-15,,Active
948,948,Basic,29,2025-02-06,,Active
949,949,Pro,45,2025-08-19,,Active
950,950,Basic,29,2025-01-24,,Active
951,951,Basic,29,2025-06-24,,Active
952,952,Pro,45,2025-10-05,,Active
953,953,Basic,29,2025-08-11,,Active
954,954,Basic,29,2025-11-16,,Active
955,955,Pro,45,2025-01-25,,Active
956,956,Pro,45,2025-08-06,,Active
957,957,Basic,29,2025-12-28,2026-02-21,Cancelled
958,958,Basic,29,2025-06-27,,Active
959,959,Pro,45,2025-10-17,2026-05-18,Cancelled
960,960,Pro,45,2025-05-24,,Active
961,961,Pro,45,2025-07-08,,Active
962,962,Basic,29,2025-03-25,,Active
963,963,Pro,45,2025-08-11,,Active
964,964,Basic,29,2025-02-21,,Active
965,965,Basic,29,2025-05-07,,Active
966,966,Enterprise,79,2025-07-30,,Active
967,967,Basic,29,2025-09-02,,Active
968,968,Pro,45,2025-07-30,,Active
969,969,Basic,29,2025-02-16,,Active
970,970,Basic,29,2025-02-02,,Active
971,971,Pro,45,2025-06-19,,Active
972,972,Pro,45,2025-07-30,,Active
973,973,Enterprise,79,2025-03-07,,Active
974,974,Enterprise,79,2025-06-10,,Active
975,975,Basic,29,2025-08-16,2026-01-11,Cancelled
976,976,Enterprise,79,2025-06-08,,Active
977,977,Basic,29,2025-02-09,,Active
978,978,Basic,29,2025-07-14,,Active
979,979,Basic,29,2025-12-20,,Active
980,980,Enterprise,79,2025-12-29,,Active
981,981,Basic,29,2025-08-16,,Active
982,982,Basic,29,2025-11-19,,Active
983,983,Pro,45,2025-12-10,,Active
984,984,Enterprise,79,2025-05-13,,Active
985,985,Pro,45,2025-01-02,,Active
986,986,Pro,45,2025-11-02,,Active
987,987,Enterprise,79,2025-11-18,,Active
988,988,Basic,29,2025-06-22,,Active
989,989,Pro,45,2025-03-27,,Active
990,990,Pro,45,2025-03-18,,Active
991,991,Pro,45,2025-10-14,,Active
992,992,Enterprise,79,2025-04-11,,Active
993,993,Basic,29,2025-04-09,,Active
994,994,Pro,45,2025-11-28,,Active
995,995,Pro,45,2025-05-21,2026-04-15,Cancelled
996,996,Basic,29,2025-05-03,2026-02-05,Cancelled
997,997,Basic,29,2025-06-14,,Active
998,998,Basic,29,2025-06-17,,Active
999,999,Enterprise,79,2025-04-03,2026-06-03,Cancelled
1000,1000,Basic,29,2025-06-20,,Active
1001,1001,Pro,45,2025-05-02,,Active
1002,1002,Enterprise,79,2025-08-26,2026-05-06,Cancelled
1003,1003,Basic,29,2025-08-28,,Active
1004,1004,Pro,45,2025-12-08,,Active
1005,1005,Pro,45,2025-02-11,,Active
1006,1006,Enterprise,79,2025-04-10,,Active
1007,1007,Pro,45,2025-02-19,,Active
1008,1008,Basic,29,2025-07-02,,Active
1009,1009,Basic,29,2025-01-23,,Active
1010,1010,Basic,29,2025-09-06,,Active
1011,1011,Basic,29,2025-09-26,,Active
1012,1012,Basic,29,2025-12-07,,Active
1013,1013,Pro,45,2025-08-31,,Active
1014,1014,Pro,45,2025-03-13,,Active
1015,1015,Pro,45,2025-06-21,,Active
1016,1016,Pro,45,2025-03-09,,Active
1017,1017,Basic,29,2025-12-20,2026-07-17,Cancelled
1018,1018,Basic,29,2025-04-04,,Active
1019,1019,Basic,29,2025-02-26,,Active
1020,1020,Basic,29,2025-06-16,,Active
1021,1021,Pro,45,2025-05-08,,Active
1022,1022,Basic,29,2025-03-23,,Active
1023,1023,Pro,45,2025-10-19,2026-07-30,Cancelled
1024,1024,Basic,29,2025-07-12,,Active
1025,1025,Basic,29,2025-12-02,,Active
1026,1026,Pro,45,2025-08-02,,Active
1027,1027,Basic,29,2025-08-30,,Active
1028,1028,Basic,29,2025-01-10,,Active
1029,1029,Basic,29,2025-08-01,,Active
1030,1030,Pro,45,2025-03-19,,Active
1031,1031,Enterprise,79,2025-10-15,,Active
1032,1032,Pro,45,2025-10-22,,Active
1033,1033,Basic,29,2025-10-18,2026-08-14,Cancelled
1034,1034,Basic,29,2025-11-04,,Active
1035,1035,Basic,29,2025-01-12,,Active
1036,1036,Basic,29,2025-05-12,,Active
1037,1037,Basic,29,2025-12-25,,Active
1038,1038,Basic,29,2025-01-25,,Active
1039,1039,Basic,29,2025-03-08,,Active
1040,1040,Basic,29,2025-12-20,,Active
1041,1041,Basic,29,2025-03-08,2025-11-01,Cancelled
1042,1042,Pro,45,2025-01-27,,Active
1043,1043,Pro,45,2025-07-04,,Active
1044,1044,Pro,45,2025-03-20,,Active
1045,1045,Basic,29,2025-05-08,,Active
1046,1046,Pro,45,2025-05-15,2026-12-28,Cancelled
1047,1047,Basic,29,2025-10-12,,Active
1048,1048,Basic,29,2025-12-10,2026-12-03,Cancelled
1049,1049,Pro,45,2025-06-09,,Active
1050,1050,Pro,45,2025-06-25,,Active
1051,1051,Pro,45,2025-06-29,2025-10-08,Cancelled
1052,1052,Pro,45,2025-10-03,,Active
1053,1053,Basic,29,2025-09-13,,Active
1054,1054,Enterprise,79,2025-02-09,,Active
1055,1055,Pro,45,2025-04-17,2025-09-28,Cancelled
1056,1056,Basic,29,2025-09-28,,Active
1057,1057,Basic,29,2025-08-21,,Active
1058,1058,Basic,29,2025-01-07,,Active
1059,1059,Basic,29,2025-11-06,,Active
1060,1060,Basic,29,2025-05-06,,Active
1061,1061,Basic,29,2025-03-25,,Active
1062,1062,Basic,29,2025-01-26,,Active
1063,1063,Basic,29,2025-10-26,,Active
1064,1064,Basic,29,2025-09-03,,Active
1065,1065,Pro,45,2025-05-04,,Active
1066,1066,Pro,45,2025-07-18,,Active
1067,1067,Enterprise,79,2025-04-30,,Active
1068,1068,Basic,29,2025-03-20,,Active
1069,1069,Enterprise,79,2025-04-19,,Active
1070,1070,Basic,29,2025-03-30,,Active
1071,1071,Basic,29,2025-11-08,,Active
1072,1072,Enterprise,79,2025-09-02,,Active
1073,1073,Enterprise,79,2025-02-18,,Active
1074,1074,Basic,29,2025-07-01,,Active
1075,1075,Basic,29,2025-06-24,,Active
1076,1076,Pro,45,2025-05-27,,Active
1077,1077,Basic,29,2025-01-08,,Active
1078,1078,Basic,29,2025-03-10,,Active
1079,1079,Basic,29,2025-05-10,,Active
1080,1080,Pro,45,2025-10-09,,Active
1081,1081,Enterprise,79,2025-07-10,,Active
1082,1082,Basic,29,2025-03-05,,Active
1083,1083,Basic,29,2025-01-23,,Active
1084,1084,Basic,29,2025-09-03,,Active
1085,1085,Pro,45,2025-02-27,,Active
1086,1086,Basic,29,2025-10-04,,Active
1087,1087,Pro,45,2025-03-06,2026-12-23,Cancelled
1088,1088,Pro,45,2025-10-20,2025-11-10,Cancelled
1089,1089,Basic,29,2025-06-04,,Active
1090,1090,Basic,29,2025-06-12,,Active
1091,1091,Basic,29,2025-03-18,,Active
1092,1092,Basic,29,2025-11-11,,Active
1093,1093,Enterprise,79,2025-12-04,,Active
1094,1094,Basic,29,2025-04-02,,Active
1095,1095,Basic,29,2025-08-15,,Active
1096,1096,Basic,29,2025-12-29,,Active
1097,1097,Pro,45,2025-06-04,,Active
1098,1098,Pro,45,2025-06-06,,Active
1099,1099,Pro,45,2025-10-19,,Active
1100,1100,Enterprise,79,2025-01-02,2025-07-22,Cancelled
1101,1101,Enterprise,79,2025-08-24,2025-10-21,Cancelled
1102,1102,Pro,45,2025-10-13,,Active
1103,1103,Basic,29,2025-11-20,,Active
1104,1104,Pro,45,2025-09-15,,Active
1105,1105,Pro,45,2025-03-04,,Active
1106,1106,Basic,29,2025-02-17,,Active
1107,1107,Pro,45,2025-12-05,,Active
1108,1108,Basic,29,2025-10-16,,Active
1109,1109,Basic,29,2025-02-14,,Active
1110,1110,Basic,29,2025-02-19,,Active
1111,1111,Basic,29,2025-11-25,,Active
1112,1112,Pro,45,2025-02-11,,Active
1113,1113,Pro,45,2025-07-14,,Active
1114,1114,Basic,29,2025-02-17,,Active
1115,1115,Basic,29,2025-01-23,,Active
1116,1116,Basic,29,2025-11-29,,Active
1117,1117,Pro,45,2025-06-14,,Active
1118,1118,Basic,29,2025-04-20,,Active
1119,1119,Pro,45,2025-12-03,,Active
1120,1120,Pro,45,2025-06-21,2025-10-20,Cancelled
1121,1121,Pro,45,2025-01-04,,Active
1122,1122,Pro,45,2025-11-23,,Active
1123,1123,Basic,29,2025-07-20,,Active
1124,1124,Pro,45,2025-06-04,2025-06-23,Cancelled
1125,1125,Basic,29,2025-09-13,,Active
1126,1126,Basic,29,2025-05-23,,Active
1127,1127,Pro,45,2025-07-06,,Active
1128,1128,Enterprise,79,2025-06-18,,Active
1129,1129,Basic,29,2025-08-04,,Active
1130,1130,Basic,29,2025-11-15,,Active
1131,1131,Basic,29,2025-01-03,,Active
1132,1132,Basic,29,2025-08-07,,Active
1133,1133,Pro,45,2025-03-08,,Active
1134,1134,Basic,29,2025-07-27,,Active
1135,1135,Pro,45,2025-02-08,,Active
1136,1136,Basic,29,2025-08-22,,Active
1137,1137,Basic,29,2025-05-29,,Active
1138,1138,Basic,29,2025-01-28,,Active
1139,1139,Pro,45,2025-11-15,,Active
1140,1140,Basic,29,2025-08-23,,Active
1141,1141,Basic,29,2025-05-21,,Active
1142,1142,Pro,45,2025-05-28,,Active
1143,1143,Basic,29,2025-05-16,2025-09-02,Cancelled
1144,1144,Pro,45,2025-03-12,,Active
1145,1145,Basic,29,2025-01-04,,Active
1146,1146,Basic,29,2025-12-23,,Active
1147,1147,Basic,29,2025-03-13,,Active
1148,1148,Pro,45,2025-12-09,,Active
1149,1149,Pro,45,2025-11-25,,Active
1150,1150,Basic,29,2025-04-22,,Active
1151,1151,Pro,45,2026-07-06,,Active
1152,1152,Basic,29,2026-01-03,,Active
1153,1153,Enterprise,79,2026-09-23,,Active
1154,1154,Pro,45,2026-07-19,,Active
1155,1155,Basic,29,2026-04-07,,Active
1156,1156,Basic,29,2026-01-01,,Active
1157,1157,Pro,45,2026-12-13,,Active
1158,1158,Basic,29,2026-01-03,,Active
1159,1159,Basic,29,2026-07-25,,Active
1160,1160,Pro,45,2026-04-08,,Active
1161,1161,Enterprise,79,2026-02-12,,Active
1162,1162,Enterprise,79,2026-02-12,,Active
1163,1163,Basic,29,2026-09-16,,Active
1164,1164,Basic,29,2026-07-14,,Active
1165,1165,Basic,29,2026-02-18,,Active
1166,1166,Basic,29,2026-08-20,,Active
1167,1167,Basic,29,2026-08-28,,Active
1168,1168,Pro,45,2026-09-16,,Active
1169,1169,Basic,29,2026-03-15,,Active
1170,1170,Basic,29,2026-12-27,2026-12-29,Cancelled
1171,1171,Pro,45,2026-09-03,,Active
1172,1172,Basic,29,2026-02-12,2026-03-04,Cancelled
1173,1173,Basic,29,2026-01-16,,Active
1174,1174,Basic,29,2026-03-13,2026-08-24,Cancelled
1175,1175,Basic,29,2026-10-27,,Active
1176,1176,Basic,29,2026-05-25,,Active
1177,1177,Pro,45,2026-08-22,2026-09-14,Cancelled
1178,1178,Basic,29,2026-01-30,,Active
1179,1179,Basic,29,2026-10-07,,Active
1180,1180,Basic,29,2026-06-24,,Active
1181,1181,Basic,29,2026-03-06,,Active
1182,1182,Basic,29,2026-03-15,,Active
1183,1183,Basic,29,2026-08-07,,Active
1184,1184,Basic,29,2026-09-28,,Active
1185,1185,Basic,29,2026-04-15,,Active
1186,1186,Basic,29,2026-12-27,,Active
1187,1187,Pro,45,2026-01-01,,Active
1188,1188,Pro,45,2026-02-21,,Active
1189,1189,Enterprise,79,2026-03-27,,Active
1190,1190,Basic,29,2026-02-11,,Active
1191,1191,Pro,45,2026-11-14,,Active
1192,1192,Basic,29,2026-10-10,,Active
1193,1193,Basic,29,2026-03-15,,Active
1194,1194,Basic,29,2026-09-24,,Active
1195,1195,Basic,29,2026-02-08,2026-06-28,Cancelled
1196,1196,Basic,29,2026-02-12,,Active
1197,1197,Basic,29,2026-02-25,,Active
1198,1198,Basic,29,2026-11-14,,Active
1199,1199,Basic,29,2026-04-30,,Active
1200,1200,Basic,29,2026-02-09,2026-10-05,Cancelled
1201,1201,Pro,45,2026-03-30,,Active
1202,1202,Basic,29,2026-12-10,,Active
1203,1203,Basic,29,2026-05-19,2026-07-20,Cancelled
1204,1204,Basic,29,2026-06-16,,Active
1205,1205,Basic,29,2026-11-14,2026-12-07,Cancelled
1206,1206,Enterprise,79,2026-11-07,,Active
1207,1207,Pro,45,2026-06-01,,Active
1208,1208,Basic,29,2026-04-19,,Active
1209,1209,Basic,29,2026-07-06,,Active
1210,1210,Pro,45,2026-08-02,,Active
1211,1211,Basic,29,2026-07-24,,Active
1212,1212,Pro,45,2026-05-21,,Active
1213,1213,Pro,45,2026-04-25,,Active
1214,1214,Basic,29,2026-10-18,,Active
1215,1215,Pro,45,2026-05-25,2026-08-22,Cancelled
1216,1216,Pro,45,2026-02-27,,Active
1217,1217,Basic,29,2026-10-16,,Active
1218,1218,Pro,45,2026-10-31,,Active
1219,1219,Basic,29,2026-07-15,,Active
1220,1220,Pro,45,2026-07-14,,Active
1221,1221,Pro,45,2026-10-16,,Active
1222,1222,Basic,29,2026-11-23,,Active
1223,1223,Basic,29,2026-11-08,,Active
1224,1224,Basic,29,2026-01-11,,Active
1225,1225,Basic,29,2026-03-14,,Active
1226,1226,Basic,29,2026-08-07,,Active
1227,1227,Basic,29,2026-07-14,,Active
1228,1228,Basic,29,2026-12-15,,Active
1229,1229,Basic,29,2026-08-16,,Active
1230,1230,Pro,45,2026-10-07,,Active
1231,1231,Enterprise,79,2026-07-20,,Active
1232,1232,Enterprise,79,2026-05-20,,Active
1233,1233,Pro,45,2026-01-30,,Active
1234,1234,Pro,45,2026-08-01,,Active
1235,1235,Pro,45,2026-12-29,,Active
1236,1236,Basic,29,2026-07-03,,Active
1237,1237,Basic,29,2026-01-16,,Active
1238,1238,Enterprise,79,2026-05-02,,Active
1239,1239,Enterprise,79,2026-01-23,,Active
1240,1240,Basic,29,2026-03-03,,Active
1241,1241,Basic,29,2026-07-01,2026-10-17,Cancelled
1242,1242,Basic,29,2026-10-26,2026-12-13,Cancelled
1243,1243,Basic,29,2026-10-15,2026-11-10,Cancelled
1244,1244,Basic,29,2026-05-05,2026-05-28,Cancelled
1245,1245,Basic,29,2026-07-03,,Active
1246,1246,Basic,29,2026-02-02,,Active
1247,1247,Enterprise,79,2026-09-18,,Active
1248,1248,Basic,29,2026-03-05,,Active
1249,1249,Basic,29,2026-08-10,2026-09-11,Cancelled
1250,1250,Basic,29,2026-02-26,,Active
1251,1251,Pro,45,2026-12-02,,Active
1252,1252,Basic,29,2026-09-04,,Active
1253,1253,Basic,29,2026-08-01,,Active
1254,1254,Pro,45,2026-01-06,,Active
1255,1255,Enterprise,79,2026-06-27,2026-10-21,Cancelled
1256,1256,Basic,29,2026-02-14,,Active
1257,1257,Pro,45,2026-09-25,2026-11-24,Cancelled
1258,1258,Pro,45,2026-02-04,2026-02-27,Cancelled
1259,1259,Enterprise,79,2026-02-08,,Active
1260,1260,Basic,29,2026-08-03,,Active
1261,1261,Pro,45,2026-06-10,,Active
1262,1262,Pro,45,2026-07-17,,Active
1263,1263,Pro,45,2026-01-13,,Active
1264,1264,Basic,29,2026-08-04,,Active
1265,1265,Pro,45,2026-09-05,,Active
1266,1266,Basic,29,2026-10-03,,Active
1267,1267,Pro,45,2026-11-22,,Active
1268,1268,Basic,29,2026-03-01,,Active
1269,1269,Basic,29,2026-02-20,,Active
1270,1270,Basic,29,2026-10-10,2026-11-22,Cancelled
1271,1271,Basic,29,2026-01-09,,Active
1272,1272,Basic,29,2026-02-25,2026-12-01,Cancelled
1273,1273,Basic,29,2026-02-09,,Active
1274,1274,Basic,29,2026-09-04,,Active
1275,1275,Basic,29,2026-08-24,,Active
1276,1276,Basic,29,2026-01-02,,Active
1277,1277,Basic,29,2026-07-18,,Active
1278,1278,Basic,29,2026-10-10,,Active
1279,1279,Basic,29,2026-09-11,,Active
1280,1280,Basic,29,2026-03-18,2026-12-23,Cancelled
1281,1281,Basic,29,2026-05-02,,Active
1282,1282,Enterprise,79,2026-10-18,,Active
1283,1283,Basic,29,2026-05-26,,Active
1284,1284,Pro,45,2026-04-24,,Active
1285,1285,Basic,29,2026-06-16,,Active
1286,1286,Basic,29,2026-05-04,,Active
1287,1287,Basic,29,2026-04-21,,Active
1288,1288,Basic,29,2026-06-13,,Active
1289,1289,Basic,29,2026-01-19,,Active
1290,1290,Enterprise,79,2026-04-21,,Active
1291,1291,Basic,29,2026-01-15,,Active
1292,1292,Basic,29,2026-10-08,,Active
1293,1293,Basic,29,2026-01-19,2026-02-21,Cancelled
1294,1294,Pro,45,2026-01-12,,Active
1295,1295,Basic,29,2026-02-04,,Active
1296,1296,Basic,29,2026-12-10,,Active
1297,1297,Pro,45,2026-04-15,,Active
1298,1298,Pro,45,2026-12-11,,Active
1299,1299,Basic,29,2026-09-14,,Active
1300,1300,Basic,29,2026-05-18,,Active
1301,1301,Enterprise,79,2026-01-24,,Active
1302,1302,Basic,29,2026-03-23,,Active
1303,1303,Basic,29,2026-03-01,2026-08-15,Cancelled
1304,1304,Basic,29,2026-03-20,,Active
1305,1305,Basic,29,2026-09-09,,Active
1306,1306,Basic,29,2026-04-14,,Active
1307,1307,Basic,29,2026-06-17,,Active
1308,1308,Basic,29,2026-01-20,,Active
1309,1309,Pro,45,2026-07-25,2026-10-15,Cancelled
1310,1310,Pro,45,2026-02-14,,Active
1311,1311,Pro,45,2026-09-29,,Active
1312,1312,Basic,29,2026-09-05,,Active
1313,1313,Pro,45,2026-07-05,,Active
1314,1314,Basic,29,2026-05-09,,Active
1315,1315,Basic,29,2026-04-13,,Active
1316,1316,Basic,29,2026-01-01,,Active
1317,1317,Basic,29,2026-10-21,,Active
1318,1318,Basic,29,2026-09-15,,Active
1319,1319,Basic,29,2026-04-15,,Active
1320,1320,Basic,29,2026-05-19,,Active
1321,1321,Basic,29,2026-02-11,,Active
1322,1322,Enterprise,79,2026-04-14,,Active
1323,1323,Pro,45,2026-03-16,,Active
1324,1324,Basic,29,2026-04-23,,Active
1325,1325,Basic,29,2026-08-31,,Active
1326,1326,Basic,29,2026-03-26,,Active
1327,1327,Basic,29,2026-04-08,2026-11-23,Cancelled
1328,1328,Basic,29,2026-10-12,,Active
1329,1329,Pro,45,2026-11-12,,Active
1330,1330,Basic,29,2026-05-01,,Active
1331,1331,Basic,29,2026-06-11,,Active
1332,1332,Pro,45,2026-02-07,,Active
1333,1333,Basic,29,2026-06-09,,Active
1334,1334,Enterprise,79,2026-12-19,,Active
1335,1335,Enterprise,79,2026-01-21,,Active
1336,1336,Pro,45,2026-06-28,,Active
1337,1337,Pro,45,2026-08-08,,Active
1338,1338,Basic,29,2026-10-15,,Active
1339,1339,Pro,45,2026-11-09,,Active
1340,1340,Pro,45,2026-07-03,,Active
1341,1341,Pro,45,2026-11-15,,Active
1342,1342,Pro,45,2026-06-17,,Active
1343,1343,Basic,29,2026-03-19,,Active
1344,1344,Pro,45,2026-05-30,,Active
1345,1345,Basic,29,2026-02-16,,Active
1346,1346,Basic,29,2026-07-01,,Active
1347,1347,Pro,45,2026-03-23,,Active
1348,1348,Basic,29,2026-10-07,2026-10-09,Cancelled
1349,1349,Basic,29,2026-12-25,,Active
1350,1350,Basic,29,2026-03-12,,Active
1351,1351,Pro,45,2026-05-16,,Active
1352,1352,Basic,29,2026-09-16,,Active
1353,1353,Enterprise,79,2026-11-05,,Active
1354,1354,Pro,45,2026-01-25,2026-07-04,Cancelled
1355,1355,Basic,29,2026-11-23,,Active
1356,1356,Enterprise,79,2026-08-05,,Active
1357,1357,Basic,29,2026-11-11,,Active
1358,1358,Pro,45,2026-05-20,,Active
1359,1359,Basic,29,2026-11-20,,Active
1360,1360,Basic,29,2026-06-20,,Active
1361,1361,Pro,45,2026-02-15,,Active
1362,1362,Basic,29,2026-05-19,,Active
1363,1363,Basic,29,2026-12-28,,Active
1364,1364,Basic,29,2026-09-11,,Active
1365,1365,Basic,29,2026-08-01,,Active
1366,1366,Basic,29,2026-12-18,,Active
1367,1367,Basic,29,2026-08-26,2026-10-09,Cancelled
1368,1368,Basic,29,2026-07-12,,Active
1369,1369,Pro,45,2026-01-11,,Active
1370,1370,Basic,29,2026-08-03,,Active
1371,1371,Pro,45,2026-02-15,,Active
1372,1372,Pro,45,2026-04-01,2026-05-21,Cancelled
1373,1373,Pro,45,2026-04-08,,Active
1374,1374,Basic,29,2026-09-12,,Active
1375,1375,Pro,45,2026-01-30,,Active
1376,1376,Enterprise,79,2026-04-28,2026-06-16,Cancelled
1377,1377,Enterprise,79,2026-07-30,,Active
1378,1378,Basic,29,2026-11-23,2026-12-06,Cancelled
1379,1379,Basic,29,2026-01-14,2026-08-08,Cancelled
1380,1380,Pro,45,2026-11-21,,Active
1381,1381,Basic,29,2026-07-12,,Active
1382,1382,Basic,29,2026-07-26,,Active
1383,1383,Basic,29,2026-11-11,2026-11-21,Cancelled
1384,1384,Enterprise,79,2026-12-27,,Active
1385,1385,Pro,45,2026-11-30,,Active
1386,1386,Enterprise,79,2026-12-26,,Active
1387,1387,Basic,29,2026-05-12,,Active
1388,1388,Pro,45,2026-04-30,,Active
1389,1389,Basic,29,2026-07-01,,Active
1390,1390,Basic,29,2026-04-18,,Active
1391,1391,Basic,29,2026-04-11,2026-08-21,Cancelled
1392,1392,Enterprise,79,2026-02-14,,Active
1393,1393,Basic,29,2026-10-06,,Active
1394,1394,Basic,29,2026-01-18,2026-05-22,Cancelled
1395,1395,Basic,29,2026-03-21,2026-06-30,Cancelled
1396,1396,Pro,45,2026-02-25,,Active
1397,1397,Basic,29,2026-04-25,,Active
1398,1398,Basic,29,2026-03-24,,Active
1399,1399,Enterprise,79,2026-09-13,,Active
1400,1400,Enterprise,79,2026-08-08,,Active
1401,1401,Pro,45,2026-11-06,,Active
1402,1402,Basic,29,2026-04-24,,Active
1403,1403,Basic,29,2026-04-04,,Active
1404,1404,Pro,45,2026-09-11,,Active
1405,1405,Basic,29,2026-09-19,,Active
1406,1406,Basic,29,2026-06-13,2026-08-13,Cancelled
1407,1407,Pro,45,2026-03-06,2026-11-26,Cancelled
1408,1408,Basic,29,2026-11-20,,Active
1409,1409,Pro,45,2026-12-18,2026-12-18,Cancelled
1410,1410,Enterprise,79,2026-08-18,,Active
1411,1411,Pro,45,2026-12-20,,Active
1412,1412,Basic,29,2026-10-25,,Active
1413,1413,Pro,45,2026-09-19,,Active
1414,1414,Basic,29,2026-07-11,,Active
1415,1415,Basic,29,2026-10-22,2026-11-12,Cancelled
1416,1416,Pro,45,2026-05-03,,Active
1417,1417,Pro,45,2026-12-23,,Active
1418,1418,Basic,29,2026-08-03,,Active
1419,1419,Basic,29,2026-01-03,,Active
1420,1420,Pro,45,2026-11-19,,Active
1421,1421,Basic,29,2026-02-03,,Active
1422,1422,Pro,45,2026-11-05,,Active
1423,1423,Basic,29,2026-09-25,,Active
1424,1424,Basic,29,2026-09-01,,Active
1425,1425,Basic,29,2026-07-08,,Active
1426,1426,Pro,45,2026-11-29,,Active
1427,1427,Basic,29,2026-03-11,2026-12-08,Cancelled
1428,1428,Pro,45,2026-03-11,,Active
1429,1429,Pro,45,2026-08-21,,Active
1430,1430,Basic,29,2026-06-12,,Active
1431,1431,Basic,29,2026-02-14,2026-11-16,Cancelled
1432,1432,Basic,29,2026-06-10,,Active
1433,1433,Pro,45,2026-08-07,,Active
1434,1434,Basic,29,2026-04-12,,Active
1435,1435,Basic,29,2026-06-09,2026-09-27,Cancelled
1436,1436,Basic,29,2026-02-20,,Active
1437,1437,Basic,29,2026-12-21,,Active
1438,1438,Pro,45,2026-03-02,,Active
1439,1439,Pro,45,2026-03-25,,Active
1440,1440,Basic,29,2026-06-04,,Active
1441,1441,Basic,29,2026-01-14,,Active
1442,1442,Basic,29,2026-12-01,2026-12-02,Cancelled
1443,1443,Basic,29,2026-08-23,,Active
1444,1444,Basic,29,2026-11-01,2026-11-25,Cancelled
1445,1445,Basic,29,2026-08-12,2026-08-23,Cancelled
1446,1446,Basic,29,2026-12-19,,Active
1447,1447,Pro,45,2026-10-05,,Active
1448,1448,Basic,29,2026-07-05,,Active
1449,1449,Basic,29,2026-08-19,,Active
1450,1450,Pro,45,2026-01-23,,Active
1451,1451,Basic,29,2026-08-08,,Active
1452,1452,Pro,45,2026-07-14,,Active
1453,1453,Pro,45,2026-02-01,,Active
1454,1454,Pro,45,2026-02-17,,Active
1455,1455,Basic,29,2026-11-08,,Active
1456,1456,Basic,29,2026-06-19,,Active
1457,1457,Pro,45,2026-03-06,2026-04-23,Cancelled
1458,1458,Basic,29,2026-03-23,,Active
1459,1459,Basic,29,2026-01-04,2026-01-10,Cancelled
1460,1460,Pro,45,2026-02-06,,Active
1461,1461,Enterprise,79,2026-09-05,,Active
1462,1462,Basic,29,2026-08-15,,Active
1463,1463,Basic,29,2026-03-01,,Active
1464,1464,Basic,29,2026-10-25,,Active
1465,1465,Enterprise,79,2026-03-07,,Active
1466,1466,Enterprise,79,2026-05-06,,Active
1467,1467,Basic,29,2026-04-28,,Active
1468,1468,Basic,29,2026-05-18,,Active
1469,1469,Enterprise,79,2026-10-04,,Active
1470,1470,Pro,45,2026-05-16,,Active
1471,1471,Basic,29,2026-12-07,,Active
1472,1472,Pro,45,2026-01-03,,Active
1473,1473,Pro,45,2026-01-14,,Active
1474,1474,Pro,45,2026-12-02,,Active
1475,1475,Basic,29,2026-12-06,,Active
1476,1476,Basic,29,2026-02-02,2026-09-29,Cancelled
1477,1477,Basic,29,2026-11-28,,Active
1478,1478,Enterprise,79,2026-05-23,,Active
1479,1479,Basic,29,2026-02-27,,Active
1480,1480,Basic,29,2026-09-04,,Active
1481,1481,Basic,29,2026-08-09,2026-10-18,Cancelled
1482,1482,Basic,29,2026-02-03,,Active
1483,1483,Pro,45,2026-06-28,,Active
1484,1484,Enterprise,79,2026-01-21,,Active
1485,1485,Basic,29,2026-03-10,2026-08-14,Cancelled
1486,1486,Basic,29,2026-10-27,,Active
1487,1487,Basic,29,2026-03-02,,Active
1488,1488,Pro,45,2026-09-29,,Active
1489,1489,Basic,29,2026-07-01,,Active
1490,1490,Enterprise,79,2026-05-25,,Active
1491,1491,Basic,29,2026-06-13,,Active
1492,1492,Basic,29,2026-08-01,,Active
1493,1493,Basic,29,2026-10-11,2026-11-28,Cancelled
1494,1494,Pro,45,2026-01-16,,Active
1495,1495,Pro,45,2026-06-05,,Active
1496,1496,Basic,29,2026-10-19,,Active
1497,1497,Pro,45,2026-11-08,,Active
1498,1498,Pro,45,2026-02-01,,Active
1499,1499,Basic,29,2026-01-02,,Active
1500,1500,Enterprise,79,2026-05-27,2026-11-18,Cancelled
1501,1501,Basic,29,2026-06-05,,Active
1502,1502,Basic,29,2026-05-15,,Active
1503,1503,Pro,45,2026-07-14,,Active
1504,1504,Basic,29,2026-01-18,,Active
1505,1505,Basic,29,2026-09-20,,Active
1506,1506,Pro,45,2026-07-20,,Active
1507,1507,Pro,45,2026-03-04,,Active
1508,1508,Basic,29,2026-06-06,,Active
1509,1509,Basic,29,2026-07-14,,Active
1510,1510,Basic,29,2026-10-23,2026-11-27,Cancelled
1511,1511,Basic,29,2026-07-19,,Active
1512,1512,Pro,45,2026-06-28,,Active
1513,1513,Basic,29,2026-04-14,2026-09-25,Cancelled
1514,1514,Pro,45,2026-05-19,2026-09-15,Cancelled
1515,1515,Basic,29,2026-02-26,,Active
1516,1516,Basic,29,2026-11-15,,Active
1517,1517,Basic,29,2026-07-19,,Active
1518,1518,Pro,45,2026-04-10,2026-12-07,Cancelled
1519,1519,Pro,45,2026-08-10,,Active
1520,1520,Basic,29,2026-07-03,,Active
1521,1521,Basic,29,2026-06-04,,Active
1522,1522,Basic,29,2026-09-13,,Active
1523,1523,Basic,29,2026-05-07,,Active
1524,1524,Pro,45,2026-05-08,,Active
1525,1525,Basic,29,2026-06-29,2026-07-11,Cancelled
1526,1526,Basic,29,2026-09-14,,Active
1527,1527,Basic,29,2026-04-24,,Active
1528,1528,Pro,45,2026-08-08,2026-10-19,Cancelled
1529,1529,Basic,29,2026-12-24,,Active
1530,1530,Basic,29,2026-08-10,,Active
1531,1531,Basic,29,2026-06-12,,Active
1532,1532,Pro,45,2026-10-23,,Active
1533,1533,Basic,29,2026-04-22,,Active
1534,1534,Basic,29,2026-10-24,,Active
1535,1535,Basic,29,2026-06-09,,Active
1536,1536,Pro,45,2026-05-07,,Active
1537,1537,Enterprise,79,2026-12-10,,Active
1538,1538,Basic,29,2026-10-08,2026-11-19,Cancelled
1539,1539,Basic,29,2026-03-22,,Active
1540,1540,Pro,45,2026-06-29,2026-10-21,Cancelled
1541,1541,Basic,29,2026-10-08,,Active
1542,1542,Basic,29,2026-01-28,2026-10-17,Cancelled
1543,1543,Enterprise,79,2026-10-05,,Active
1544,1544,Basic,29,2026-10-06,,Active
1545,1545,Enterprise,79,2026-10-20,,Active
1546,1546,Pro,45,2026-04-13,,Active
1547,1547,Basic,29,2026-05-13,,Active
1548,1548,Basic,29,2026-02-27,,Active
1549,1549,Basic,29,2026-09-04,,Active
1550,1550,Pro,45,2026-08-24,,Active
1551,1551,Pro,45,2026-08-15,,Active
1552,1552,Basic,29,2026-09-08,,Active
1553,1553,Basic,29,2026-07-07,,Active
1554,1554,Enterprise,79,2026-02-28,2026-12-27,Cancelled
1555,1555,Pro,45,2026-12-18,,Active
1556,1556,Basic,29,2026-06-04,,Active
1557,1557,Basic,29,2026-11-06,,Active
1558,1558,Basic,29,2026-09-25,,Active
1559,1559,Enterprise,79,2026-11-19,,Active
1560,1560,Basic,29,2026-10-23,,Active
1561,1561,Enterprise,79,2026-07-05,,Active
1562,1562,Enterprise,79,2026-08-14,,Active
1563,1563,Pro,45,2026-11-09,,Active
1564,1564,Pro,45,2026-09-03,,Active
1565,1565,Pro,45,2026-04-17,,Active
1566,1566,Pro,45,2026-01-03,,Active
1567,1567,Pro,45,2026-04-29,,Active
1568,1568,Basic,29,2026-03-24,,Active
1569,1569,Pro,45,2026-03-23,,Active
1570,1570,Pro,45,2026-09-15,,Active
1571,1571,Basic,29,2026-12-29,2026-12-30,Cancelled
1572,1572,Basic,29,2026-05-03,,Active
1573,1573,Basic,29,2026-06-08,,Active
1574,1574,Pro,45,2026-10-06,,Active
1575,1575,Basic,29,2026-08-06,,Active
1576,1576,Basic,29,2026-04-05,,Active
1577,1577,Basic,29,2026-06-01,,Active
1578,1578,Pro,45,2026-02-09,,Active
1579,1579,Basic,29,2026-02-22,,Active
1580,1580,Pro,45,2026-04-27,,Active
1581,1581,Basic,29,2026-11-14,,Active
1582,1582,Basic,29,2026-05-02,,Active
1583,1583,Enterprise,79,2026-05-21,,Active
1584,1584,Pro,45,2026-09-07,,Active
1585,1585,Pro,45,2026-05-26,,Active
1586,1586,Pro,45,2026-05-10,,Active
1587,1587,Basic,29,2026-08-11,,Active
1588,1588,Basic,29,2026-06-30,,Active
1589,1589,Basic,29,2026-07-24,,Active
1590,1590,Basic,29,2026-11-18,,Active
1591,1591,Pro,45,2026-10-26,,Active
1592,1592,Basic,29,2026-10-28,2026-12-03,Cancelled
1593,1593,Pro,45,2026-05-08,,Active
1594,1594,Basic,29,2026-04-01,,Active
1595,1595,Basic,29,2026-11-20,2026-12-03,Cancelled
1596,1596,Pro,45,2026-03-19,,Active
1597,1597,Basic,29,2026-10-09,2026-11-19,Cancelled
1598,1598,Basic,29,2026-05-04,,Active
1599,1599,Basic,29,2026-01-07,,Active
1600,1600,Pro,45,2026-06-18,,Active
1601,1601,Basic,29,2026-01-07,,Active
1602,1602,Enterprise,79,2026-01-04,,Active
1603,1603,Pro,45,2026-09-14,2026-10-17,Cancelled
1604,1604,Basic,29,2026-10-16,,Active
1605,1605,Enterprise,79,2026-04-29,,Active
1606,1606,Basic,29,2026-12-12,,Active
1607,1607,Enterprise,79,2026-10-08,,Active
1608,1608,Basic,29,2026-07-04,,Active
1609,1609,Basic,29,2026-01-01,,Active
1610,1610,Basic,29,2026-09-17,,Active
1611,1611,Basic,29,2026-03-29,2026-07-02,Cancelled
1612,1612,Basic,29,2026-04-08,,Active
1613,1613,Basic,29,2026-08-13,,Active
1614,1614,Basic,29,2026-12-18,,Active
1615,1615,Basic,29,2026-03-04,,Active
1616,1616,Pro,45,2026-03-25,,Active
1617,1617,Basic,29,2026-12-13,,Active
1618,1618,Pro,45,2026-10-24,,Active
1619,1619,Pro,45,2026-06-27,,Active
1620,1620,Pro,45,2026-08-03,2026-09-20,Cancelled
1621,1621,Basic,29,2026-02-25,,Active
1622,1622,Basic,29,2026-07-23,,Active
1623,1623,Pro,45,2026-09-04,,Active
1624,1624,Enterprise,79,2026-11-30,,Active
1625,1625,Pro,45,2026-12-14,,Active
1626,1626,Basic,29,2026-05-02,,Active
1627,1627,Pro,45,2026-07-06,,Active
1628,1628,Pro,45,2026-06-01,,Active
1629,1629,Basic,29,2026-02-17,,Active
1630,1630,Basic,29,2026-01-05,,Active
1631,1631,Basic,29,2026-11-16,,Active
1632,1632,Basic,29,2026-05-13,,Active
1633,1633,Basic,29,2026-03-07,,Active
1634,1634,Pro,45,2026-08-23,,Active
1635,1635,Basic,29,2026-01-23,,Active
1636,1636,Enterprise,79,2026-09-17,,Active
1637,1637,Basic,29,2026-07-12,,Active
1638,1638,Pro,45,2026-08-24,,Active
1639,1639,Pro,45,2026-08-12,,Active
1640,1640,Enterprise,79,2026-01-16,,Active
1641,1641,Basic,29,2026-10-17,,Active
1642,1642,Pro,45,2026-04-24,2026-10-27,Cancelled
1643,1643,Basic,29,2026-04-18,,Active
1644,1644,Basic,29,2026-10-27,,Active
1645,1645,Pro,45,2026-05-10,,Active
1646,1646,Basic,29,2026-02-05,,Active
1647,1647,Pro,45,2026-07-08,,Active
1648,1648,Pro,45,2026-03-15,,Active
1649,1649,Basic,29,2026-08-29,,Active
1650,1650,Basic,29,2026-05-13,,Active
1651,1651,Basic,29,2026-08-27,,Active
1652,1652,Basic,29,2026-03-02,,Active
1653,1653,Basic,29,2026-11-12,,Active
1654,1654,Basic,29,2026-06-10,,Active
1655,1655,Basic,29,2026-08-12,,Active
1656,1656,Basic,29,2026-05-22,,Active
1657,1657,Basic,29,2026-04-06,2026-05-17,Cancelled
1658,1658,Basic,29,2026-03-30,,Active
1659,1659,Pro,45,2026-06-28,,Active
1660,1660,Pro,45,2026-01-23,,Active
1661,1661,Basic,29,2026-04-18,,Active
1662,1662,Basic,29,2026-06-03,2026-07-26,Cancelled
1663,1663,Pro,45,2026-02-26,,Active
1664,1664,Basic,29,2026-08-17,,Active
1665,1665,Basic,29,2026-04-07,,Active
1666,1666,Basic,29,2026-02-16,,Active
1667,1667,Basic,29,2026-07-04,,Active
1668,1668,Basic,29,2026-02-05,2026-12-26,Cancelled
1669,1669,Basic,29,2026-04-11,2026-07-17,Cancelled
1670,1670,Pro,45,2026-07-25,2026-10-22,Cancelled
1671,1671,Pro,45,2026-08-30,2026-11-22,Cancelled
1672,1672,Pro,45,2026-10-02,,Active
1673,1673,Basic,29,2026-12-11,,Active
1674,1674,Enterprise,79,2026-03-12,,Active
1675,1675,Basic,29,2026-06-26,,Active
1676,1676,Pro,45,2026-01-26,,Active
1677,1677,Basic,29,2026-05-20,,Active
1678,1678,Basic,29,2026-05-05,,Active
1679,1679,Basic,29,2026-04-20,,Active
1680,1680,Basic,29,2026-07-10,,Active
1681,1681,Enterprise,79,2026-10-27,,Active
1682,1682,Basic,29,2026-10-18,2026-10-18,Cancelled
1683,1683,Pro,45,2026-05-30,,Active
1684,1684,Pro,45,2026-07-17,,Active
1685,1685,Pro,45,2026-10-04,,Active
1686,1686,Basic,29,2026-02-15,,Active
1687,1687,Basic,29,2026-12-23,2026-12-24,Cancelled
1688,1688,Enterprise,79,2026-09-22,,Active
1689,1689,Pro,45,2026-06-08,2026-06-25,Cancelled
1690,1690,Pro,45,2026-08-22,,Active
1691,1691,Basic,29,2026-01-28,,Active
1692,1692,Basic,29,2026-03-06,,Active
1693,1693,Pro,45,2026-11-29,,Active
1694,1694,Basic,29,2026-03-19,,Active
1695,1695,Basic,29,2026-03-13,,Active
1696,1696,Basic,29,2026-02-25,,Active
1697,1697,Basic,29,2026-08-09,,Active
1698,1698,Basic,29,2026-12-17,,Active
1699,1699,Pro,45,2026-03-17,,Active
1700,1700,Pro,45,2026-07-25,,Active
1701,1701,Pro,45,2026-07-27,,Active
1702,1702,Basic,29,2026-04-01,,Active
1703,1703,Pro,45,2026-10-23,,Active
1704,1704,Pro,45,2026-04-20,,Active
1705,1705,Basic,29,2026-09-05,,Active
1706,1706,Pro,45,2026-04-10,,Active
1707,1707,Basic,29,2026-12-08,2026-12-21,Cancelled
1708,1708,Basic,29,2026-06-28,,Active
1709,1709,Basic,29,2026-07-25,,Active
1710,1710,Pro,45,2026-05-22,,Active
1711,1711,Basic,29,2026-06-02,,Active
1712,1712,Enterprise,79,2026-03-19,,Active
1713,1713,Basic,29,2026-06-22,,Active
1714,1714,Basic,29,2026-10-26,,Active
1715,1715,Pro,45,2026-12-04,,Active
1716,1716,Pro,45,2026-01-09,2026-02-01,Cancelled
1717,1717,Pro,45,2026-10-16,,Active
1718,1718,Basic,29,2026-07-04,,Active
1719,1719,Basic,29,2026-02-15,,Active
1720,1720,Enterprise,79,2026-11-26,,Active
1721,1721,Basic,29,2026-02-22,,Active
1722,1722,Basic,29,2026-12-28,2026-12-30,Cancelled
1723,1723,Basic,29,2026-05-14,,Active
1724,1724,Basic,29,2026-06-02,,Active
1725,1725,Basic,29,2026-11-04,,Active
1726,1726,Enterprise,79,2026-03-07,,Active
1727,1727,Basic,29,2026-09-10,2026-10-03,Cancelled
1728,1728,Enterprise,79,2026-10-23,,Active
1729,1729,Basic,29,2026-01-05,2026-11-10,Cancelled
1730,1730,Enterprise,79,2026-09-18,,Active
1731,1731,Basic,29,2026-05-15,,Active
1732,1732,Basic,29,2026-12-21,,Active
1733,1733,Enterprise,79,2026-03-10,,Active
1734,1734,Basic,29,2026-10-14,,Active
1735,1735,Pro,45,2026-09-03,,Active
1736,1736,Basic,29,2026-12-26,,Active
1737,1737,Basic,29,2026-01-20,,Active
1738,1738,Enterprise,79,2026-08-24,,Active
1739,1739,Enterprise,79,2026-03-10,,Active
1740,1740,Pro,45,2026-03-15,,Active
1741,1741,Basic,29,2026-08-22,2026-11-29,Cancelled
1742,1742,Basic,29,2026-09-12,,Active
1743,1743,Enterprise,79,2026-12-17,,Active
1744,1744,Basic,29,2026-01-05,,Active
1745,1745,Pro,45,2026-04-12,,Active
1746,1746,Pro,45,2026-05-02,,Active
1747,1747,Basic,29,2026-12-08,,Active
1748,1748,Basic,29,2026-03-01,,Active
1749,1749,Pro,45,2026-12-04,,Active
1750,1750,Pro,45,2026-02-06,,Active
1751,1751,Pro,45,2026-11-19,,Active
1752,1752,Pro,45,2026-06-18,,Active
1753,1753,Basic,29,2026-10-02,,Active
1754,1754,Basic,29,2026-01-06,,Active
1755,1755,Pro,45,2026-08-21,,Active
1756,1756,Basic,29,2026-01-07,2026-02-23,Cancelled
1757,1757,Pro,45,2026-08-04,2026-08-11,Cancelled
1758,1758,Basic,29,2026-12-20,,Active
1759,1759,Pro,45,2026-05-02,,Active
1760,1760,Basic,29,2026-12-16,,Active
1761,1761,Basic,29,2026-10-04,,Active
1762,1762,Basic,29,2026-11-17,,Active
1763,1763,Basic,29,2026-03-19,,Active
1764,1764,Pro,45,2026-07-23,,Active
1765,1765,Basic,29,2026-04-12,,Active
1766,1766,Pro,45,2026-06-23,,Active
1767,1767,Basic,29,2026-03-18,,Active
1768,1768,Pro,45,2026-12-03,,Active
1769,1769,Enterprise,79,2026-09-09,,Active
1770,1770,Basic,29,2026-01-16,,Active
1771,1771,Basic,29,2026-02-28,,Active
1772,1772,Basic,29,2026-02-01,,Active
1773,1773,Pro,45,2026-09-27,,Active
1774,1774,Basic,29,2026-03-30,,Active
1775,1775,Basic,29,2026-01-17,2026-04-07,Cancelled
1776,1776,Pro,45,2026-09-18,,Active
1777,1777,Pro,45,2026-01-27,,Active
1778,1778,Basic,29,2026-08-14,,Active
1779,1779,Enterprise,79,2026-12-22,,Active
1780,1780,Basic,29,2026-04-10,2026-04-20,Cancelled
1781,1781,Basic,29,2026-08-23,,Active
1782,1782,Basic,29,2026-10-16,,Active
1783,1783,Pro,45,2026-05-21,,Active
1784,1784,Enterprise,79,2026-03-26,,Active
1785,1785,Basic,29,2026-08-22,,Active
1786,1786,Basic,29,2026-02-11,,Active
1787,1787,Basic,29,2026-06-22,2026-11-25,Cancelled
1788,1788,Basic,29,2026-10-16,,Active
1789,1789,Basic,29,2026-04-28,,Active
1790,1790,Basic,29,2026-11-04,,Active
1791,1791,Basic,29,2026-12-04,,Active
1792,1792,Basic,29,2026-09-26,,Active
1793,1793,Pro,45,2026-06-10,,Active
1794,1794,Pro,45,2026-04-20,,Active
1795,1795,Basic,29,2026-06-23,,Active
1796,1796,Pro,45,2026-11-04,,Active
1797,1797,Basic,29,2026-07-31,,Active
1798,1798,Basic,29,2026-03-09,2026-12-20,Cancelled
1799,1799,Basic,29,2026-05-20,2026-10-27,Cancelled
1800,1800,Basic,29,2026-06-25,,Active
1801,1801,Basic,29,2026-02-26,,Active
1802,1802,Pro,45,2026-11-17,,Active
1803,1803,Basic,29,2026-02-10,,Active
1804,1804,Basic,29,2026-07-09,,Active
1805,1805,Enterprise,79,2026-08-13,,Active
1806,1806,Pro,45,2026-11-21,2026-12-17,Cancelled
1807,1807,Basic,29,2026-04-30,,Active
1808,1808,Enterprise,79,2026-01-13,,Active
1809,1809,Pro,45,2026-06-13,,Active
1810,1810,Basic,29,2026-06-16,,Active
1811,1811,Basic,29,2026-05-05,,Active
1812,1812,Pro,45,2026-06-14,,Active
1813,1813,Basic,29,2026-07-09,,Active
1814,1814,Pro,45,2026-09-03,,Active
1815,1815,Basic,29,2026-05-01,,Active
1816,1816,Pro,45,2026-08-19,2026-10-02,Cancelled
1817,1817,Basic,29,2026-04-17,,Active
1818,1818,Pro,45,2026-07-10,,Active
1819,1819,Basic,29,2026-09-24,2026-10-13,Cancelled
1820,1820,Basic,29,2026-11-10,,Active
1821,1821,Basic,29,2026-03-30,,Active
1822,1822,Basic,29,2026-08-24,2026-11-19,Cancelled
1823,1823,Pro,45,2026-05-24,,Active
1824,1824,Basic,29,2026-02-03,,Active
1825,1825,Basic,29,2026-02-16,,Active
1826,1826,Pro,45,2026-08-05,,Active
1827,1827,Pro,45,2026-04-01,,Active
1828,1828,Basic,29,2026-11-03,,Active
1829,1829,Pro,45,2026-12-24,,Active
1830,1830,Basic,29,2026-03-08,,Active
1831,1831,Pro,45,2026-02-26,,Active
1832,1832,Basic,29,2026-11-23,,Active
1833,1833,Basic,29,2026-12-05,,Active
1834,1834,Basic,29,2026-12-19,,Active
1835,1835,Basic,29,2026-03-03,,Active
1836,1836,Pro,45,2026-08-07,2026-10-23,Cancelled
1837,1837,Enterprise,79,2026-09-10,,Active
1838,1838,Basic,29,2026-05-30,,Active
1839,1839,Pro,45,2026-05-13,,Active
1840,1840,Basic,29,2026-03-30,,Active
1841,1841,Basic,29,2026-07-21,,Active
1842,1842,Basic,29,2026-11-08,2026-12-04,Cancelled
1843,1843,Basic,29,2026-11-06,,Active
1844,1844,Basic,29,2026-11-19,,Active
1845,1845,Pro,45,2026-06-28,2026-11-23,Cancelled
1846,1846,Basic,29,2026-01-02,,Active
1847,1847,Pro,45,2026-11-15,,Active
1848,1848,Basic,29,2026-08-20,,Active
1849,1849,Basic,29,2026-01-16,,Active
1850,1850,Basic,29,2026-01-16,,Active
1851,1851,Basic,29,2026-04-04,,Active
1852,1852,Basic,29,2026-01-09,,Active
1853,1853,Basic,29,2026-03-04,,Active
1854,1854,Basic,29,2026-11-25,,Active
1855,1855,Basic,29,2026-04-03,,Active
1856,1856,Basic,29,2026-11-26,,Active
1857,1857,Basic,29,2026-01-09,,Active
1858,1858,Basic,29,2026-05-06,,Active
1859,1859,Basic,29,2026-10-01,,Active
1860,1860,Pro,45,2026-05-18,,Active
1861,1861,Basic,29,2026-09-24,,Active
1862,1862,Pro,45,2026-08-11,2026-08-28,Cancelled
1863,1863,Pro,45,2026-04-10,,Active
1864,1864,Pro,45,2026-09-08,,Active
1865,1865,Pro,45,2026-02-04,2026-08-12,Cancelled
1866,1866,Basic,29,2026-06-25,2026-07-26,Cancelled
1867,1867,Basic,29,2026-01-26,2026-07-09,Cancelled
1868,1868,Basic,29,2026-12-14,,Active
1869,1869,Pro,45,2026-07-27,,Active
1870,1870,Basic,29,2026-11-02,2026-12-22,Cancelled
1871,1871,Basic,29,2026-02-22,2026-03-10,Cancelled
1872,1872,Basic,29,2026-11-01,2026-12-23,Cancelled
1873,1873,Basic,29,2026-10-21,,Active
1874,1874,Enterprise,79,2026-07-30,,Active
1875,1875,Basic,29,2026-07-23,,Active
1876,1876,Basic,29,2026-05-23,,Active
1877,1877,Enterprise,79,2026-05-03,2026-05-08,Cancelled
1878,1878,Pro,45,2026-02-24,,Active
1879,1879,Basic,29,2026-07-09,2026-10-17,Cancelled
1880,1880,Basic,29,2026-04-06,,Active
1881,1881,Pro,45,2026-12-11,2026-12-13,Cancelled
1882,1882,Enterprise,79,2026-12-29,,Active
1883,1883,Pro,45,2026-02-26,,Active
1884,1884,Basic,29,2026-06-06,,Active
1885,1885,Basic,29,2026-02-17,,Active
1886,1886,Basic,29,2026-08-08,,Active
1887,1887,Basic,29,2026-10-12,,Active
1888,1888,Enterprise,79,2026-03-27,,Active
1889,1889,Basic,29,2026-06-15,,Active
1890,1890,Basic,29,2026-04-14,,Active
1891,1891,Pro,45,2026-09-17,,Active
1892,1892,Pro,45,2026-08-01,,Active
1893,1893,Pro,45,2026-04-19,,Active
1894,1894,Basic,29,2026-04-27,,Active
1895,1895,Enterprise,79,2026-11-24,,Active
1896,1896,Enterprise,79,2026-05-21,,Active
1897,1897,Basic,29,2026-12-27,2026-12-29,Cancelled
1898,1898,Basic,29,2026-06-10,,Active
1899,1899,Basic,29,2026-12-27,2026-12-29,Cancelled
1900,1900,Basic,29,2026-05-11,,Active
1901,1901,Pro,45,2026-01-04,,Active
1902,1902,Basic,29,2026-01-13,,Active
1903,1903,Basic,29,2026-12-13,,Active
1904,1904,Basic,29,2026-11-03,,Active
1905,1905,Basic,29,2026-01-28,,Active
1906,1906,Pro,45,2026-08-24,,Active
1907,1907,Basic,29,2026-07-17,,Active
1908,1908,Pro,45,2026-09-16,,Active
1909,1909,Pro,45,2026-02-27,,Active
1910,1910,Basic,29,2026-08-13,,Active
1911,1911,Pro,45,2026-01-14,,Active
1912,1912,Basic,29,2026-06-01,,Active
1913,1913,Pro,45,2026-02-21,,Active
1914,1914,Pro,45,2026-12-04,2026-12-09,Cancelled
1915,1915,Pro,45,2026-01-17,2026-03-15,Cancelled
1916,1916,Pro,45,2026-10-27,2026-12-23,Cancelled
1917,1917,Basic,29,2026-03-20,,Active
1918,1918,Pro,45,2026-12-26,,Active
1919,1919,Basic,29,2026-04-23,,Active
1920,1920,Basic,29,2026-11-19,,Active
1921,1921,Basic,29,2026-06-24,2026-06-29,Cancelled
1922,1922,Basic,29,2026-04-14,,Active
1923,1923,Basic,29,2026-01-19,,Active
1924,1924,Basic,29,2026-11-03,,Active
1925,1925,Pro,45,2026-11-29,,Active
1926,1926,Basic,29,2026-06-16,2026-07-28,Cancelled
1927,1927,Basic,29,2026-04-11,,Active
1928,1928,Pro,45,2026-05-21,,Active
1929,1929,Basic,29,2026-11-28,,Active
1930,1930,Pro,45,2026-02-17,,Active
1931,1931,Pro,45,2026-05-19,,Active
1932,1932,Basic,29,2026-12-20,,Active
1933,1933,Pro,45,2026-03-04,,Active
1934,1934,Basic,29,2026-11-10,,Active
1935,1935,Basic,29,2026-10-18,,Active
1936,1936,Basic,29,2026-05-06,2026-09-16,Cancelled
1937,1937,Basic,29,2026-01-07,,Active
1938,1938,Pro,45,2026-02-22,,Active
1939,1939,Basic,29,2026-08-03,,Active
1940,1940,Pro,45,2026-05-02,,Active
1941,1941,Basic,29,2026-09-28,,Active
1942,1942,Enterprise,79,2026-01-30,,Active
1943,1943,Basic,29,2026-08-23,,Active
1944,1944,Basic,29,2026-08-12,,Active
1945,1945,Pro,45,2026-11-12,,Active
1946,1946,Pro,45,2026-10-20,2026-12-27,Cancelled
1947,1947,Enterprise,79,2026-02-23,,Active
1948,1948,Basic,29,2026-06-07,,Active
1949,1949,Basic,29,2026-12-23,,Active
1950,1950,Basic,29,2026-03-07,,Active
1951,1951,Enterprise,79,2026-12-06,,Active
1952,1952,Pro,45,2026-03-23,,Active
1953,1953,Pro,45,2026-12-20,2026-12-20,Cancelled
1954,1954,Basic,29,2026-07-13,,Active
1955,1955,Basic,29,2026-08-14,,Active
1956,1956,Basic,29,2026-10-11,,Active
1957,1957,Basic,29,2026-03-23,,Active
1958,1958,Basic,29,2026-10-09,,Active
1959,1959,Basic,29,2026-04-17,,Active
1960,1960,Basic,29,2026-11-30,,Active
1961,1961,Pro,45,2026-06-30,,Active
1962,1962,Basic,29,2026-02-12,,Active
1963,1963,Enterprise,79,2026-01-26,2026-07-24,Cancelled
1964,1964,Basic,29,2026-06-01,,Active
1965,1965,Basic,29,2026-05-30,,Active
1966,1966,Basic,29,2026-04-09,,Active
1967,1967,Basic,29,2026-12-10,2026-12-12,Cancelled
1968,1968,Basic,29,2026-11-29,,Active
1969,1969,Pro,45,2026-02-27,2026-05-13,Cancelled
1970,1970,Basic,29,2026-03-17,,Active
1971,1971,Basic,29,2026-08-16,,Active
1972,1972,Basic,29,2026-12-12,,Active
1973,1973,Basic,29,2026-07-11,2026-10-17,Cancelled
1974,1974,Basic,29,2026-06-09,2026-06-25,Cancelled
1975,1975,Basic,29,2026-06-21,2026-09-08,Cancelled
1976,1976,Basic,29,2026-06-08,,Active
1977,1977,Enterprise,79,2026-12-25,,Active
1978,1978,Pro,45,2026-03-06,,Active
1979,1979,Basic,29,2026-12-11,,Active
1980,1980,Basic,29,2026-08-05,,Active
1981,1981,Basic,29,2026-04-01,,Active
1982,1982,Basic,29,2026-09-14,,Active
1983,1983,Basic,29,2026-11-21,,Active
1984,1984,Enterprise,79,2026-01-14,,Active
1985,1985,Basic,29,2026-03-01,,Active
1986,1986,Pro,45,2026-12-10,,Active
1987,1987,Pro,45,2026-09-14,,Active
1988,1988,Basic,29,2026-03-25,,Active
1989,1989,Basic,29,2026-06-30,,Active
1990,1990,Basic,29,2026-07-27,,Active
1991,1991,Basic,29,2026-11-07,,Active
1992,1992,Basic,29,2026-07-23,,Active
1993,1993,Basic,29,2026-11-27,,Active
1994,1994,Basic,29,2026-06-13,2026-12-05,Cancelled
1995,1995,Basic,29,2026-01-13,,Active
1996,1996,Pro,45,2026-05-06,,Active
1997,1997,Pro,45,2026-06-20,,Active
1998,1998,Pro,45,2026-05-28,,Active
1999,1999,Basic,29,2026-07-31,,Active
2000,2000,Basic,29,2026-02-28,2026-04-08,Cancelled
2001,2001,Pro,45,2026-06-18,2026-09-21,Cancelled
2002,2002,Enterprise,79,2026-05-13,,Active
2003,2003,Basic,29,2026-06-10,,Active
2004,2004,Basic,29,2026-11-16,2026-11-18,Cancelled
2005,2005,Pro,45,2026-04-04,,Active
2006,2006,Basic,29,2026-11-29,,Active
2007,2007,Basic,29,2026-11-21,,Active
2008,2008,Basic,29,2026-03-10,,Active
2009,2009,Basic,29,2026-07-25,,Active
2010,2010,Basic,29,2026-04-25,,Active
2011,2011,Pro,45,2026-12-08,,Active
2012,2012,Pro,45,2026-02-01,,Active
2013,2013,Enterprise,79,2026-10-22,,Active
2014,2014,Basic,29,2026-09-23,,Active
2015,2015,Pro,45,2026-06-09,,Active
2016,2016,Enterprise,79,2026-04-04,2026-09-30,Cancelled
2017,2017,Basic,29,2026-11-20,,Active
2018,2018,Pro,45,2026-03-21,,Active
2019,2019,Pro,45,2026-05-03,,Active
2020,2020,Pro,45,2026-08-21,,Active
2021,2021,Basic,29,2026-04-04,,Active
2022,2022,Basic,29,2026-01-16,2026-10-19,Cancelled
2023,2023,Pro,45,2026-07-12,,Active
2024,2024,Pro,45,2026-10-07,,Active
2025,2025,Pro,45,2026-08-16,,Active
2026,2026,Basic,29,2026-04-05,,Active
2027,2027,Basic,29,2026-02-16,,Active
2028,2028,Basic,29,2026-02-22,,Active
2029,2029,Pro,45,2026-04-22,2026-07-20,Cancelled
2030,2030,Basic,29,2026-02-24,,Active
2031,2031,Pro,45,2026-02-27,,Active
2032,2032,Pro,45,2026-09-28,,Active
2033,2033,Pro,45,2026-09-02,,Active
2034,2034,Pro,45,2026-01-19,,Active
2035,2035,Basic,29,2026-03-16,,Active
2036,2036,Basic,29,2026-05-31,,Active
2037,2037,Pro,45,2026-04-09,,Active
2038,2038,Pro,45,2026-11-26,,Active
2039,2039,Basic,29,2026-10-19,,Active
2040,2040,Basic,29,2026-05-14,,Active
2041,2041,Basic,29,2026-05-26,,Active
2042,2042,Basic,29,2026-07-17,,Active
2043,2043,Pro,45,2026-06-25,,Active
2044,2044,Basic,29,2026-12-04,,Active
2045,2045,Pro,45,2026-02-26,,Active
2046,2046,Basic,29,2026-01-09,,Active
2047,2047,Basic,29,2026-03-13,,Active
2048,2048,Basic,29,2026-08-06,,Active
2049,2049,Basic,29,2026-09-06,,Active
2050,2050,Pro,45,2026-05-01,,Active
2051,2051,Pro,45,2026-09-10,2026-11-13,Cancelled
2052,2052,Enterprise,79,2026-12-15,,Active
2053,2053,Enterprise,79,2026-05-13,,Active
2054,2054,Pro,45,2026-09-20,,Active
2055,2055,Basic,29,2026-09-02,2026-09-17,Cancelled
2056,2056,Pro,45,2026-11-19,,Active
2057,2057,Basic,29,2026-10-29,,Active
2058,2058,Pro,45,2026-11-20,,Active
2059,2059,Basic,29,2026-06-01,,Active
2060,2060,Basic,29,2026-03-20,,Active
2061,2061,Basic,29,2026-05-26,2026-06-13,Cancelled
2062,2062,Pro,45,2026-06-25,,Active
2063,2063,Basic,29,2026-06-09,,Active
2064,2064,Pro,45,2026-08-21,,Active
2065,2065,Enterprise,79,2026-10-24,,Active
2066,2066,Pro,45,2026-08-31,,Active
2067,2067,Basic,29,2026-10-26,,Active
2068,2068,Basic,29,2026-06-26,,Active
2069,2069,Basic,29,2026-12-22,,Active
2070,2070,Enterprise,79,2026-09-21,,Active
2071,2071,Basic,29,2026-09-18,,Active
2072,2072,Basic,29,2026-01-29,,Active
2073,2073,Enterprise,79,2026-05-06,,Active
2074,2074,Enterprise,79,2026-04-21,,Active
2075,2075,Basic,29,2026-12-18,,Active
2076,2076,Pro,45,2026-09-06,,Active
2077,2077,Basic,29,2026-12-28,,Active
2078,2078,Basic,29,2026-06-20,,Active
2079,2079,Basic,29,2026-07-31,,Active
2080,2080,Basic,29,2026-01-09,,Active
2081,2081,Enterprise,79,2026-07-05,,Active
2082,2082,Basic,29,2026-12-01,,Active
2083,2083,Enterprise,79,2026-03-28,,Active
2084,2084,Enterprise,79,2026-01-06,,Active
2085,2085,Basic,29,2026-10-12,2026-12-29,Cancelled
2086,2086,Basic,29,2026-06-04,,Active
2087,2087,Basic,29,2026-04-23,,Active
2088,2088,Enterprise,79,2026-11-07,,Active
2089,2089,Enterprise,79,2026-09-26,,Active
2090,2090,Pro,45,2026-08-03,,Active
2091,2091,Basic,29,2026-11-11,,Active
2092,2092,Pro,45,2026-06-05,,Active
2093,2093,Enterprise,79,2026-05-28,,Active
2094,2094,Basic,29,2026-05-30,2026-09-18,Cancelled
2095,2095,Basic,29,2026-11-22,,Active
2096,2096,Pro,45,2026-07-26,,Active
2097,2097,Pro,45,2026-01-21,2026-06-10,Cancelled
2098,2098,Basic,29,2026-08-29,,Active
2099,2099,Basic,29,2026-10-30,,Active
2100,2100,Basic,29,2026-06-03,,Active
2101,2101,Pro,45,2026-07-26,,Active
2102,2102,Basic,29,2026-12-29,,Active
2103,2103,Basic,29,2026-12-21,2026-12-27,Cancelled
2104,2104,Basic,29,2026-03-28,,Active
2105,2105,Basic,29,2026-02-11,2026-05-29,Cancelled
2106,2106,Enterprise,79,2026-05-06,,Active
2107,2107,Basic,29,2026-04-30,,Active
2108,2108,Basic,29,2026-08-21,,Active
2109,2109,Basic,29,2026-03-23,2026-09-30,Cancelled
2110,2110,Basic,29,2026-03-26,,Active
2111,2111,Basic,29,2026-04-03,2026-07-28,Cancelled
2112,2112,Basic,29,2026-09-28,,Active
2113,2113,Pro,45,2026-05-29,,Active
2114,2114,Enterprise,79,2026-11-21,,Active
2115,2115,Enterprise,79,2026-11-29,2026-12-08,Cancelled
2116,2116,Pro,45,2026-05-07,,Active
2117,2117,Basic,29,2026-12-01,,Active
2118,2118,Pro,45,2026-05-12,,Active
2119,2119,Pro,45,2026-07-14,,Active
2120,2120,Basic,29,2026-01-10,,Active
2121,2121,Basic,29,2026-03-31,,Active
2122,2122,Basic,29,2026-11-07,2026-12-15,Cancelled
2123,2123,Pro,45,2026-09-03,2026-10-06,Cancelled
2124,2124,Basic,29,2026-07-23,,Active
2125,2125,Pro,45,2026-06-14,,Active
2126,2126,Pro,45,2026-05-23,,Active
2127,2127,Basic,29,2026-11-09,2026-11-20,Cancelled
2128,2128,Basic,29,2026-02-19,,Active
2129,2129,Pro,45,2026-05-27,,Active
2130,2130,Basic,29,2026-10-06,2026-12-13,Cancelled
2131,2131,Pro,45,2026-09-16,,Active
2132,2132,Enterprise,79,2026-05-22,,Active
2133,2133,Pro,45,2026-02-25,,Active
2134,2134,Enterprise,79,2026-04-04,,Active
2135,2135,Basic,29,2026-07-02,2026-08-09,Cancelled
2136,2136,Pro,45,2026-12-26,2026-12-26,Cancelled
2137,2137,Basic,29,2026-08-09,,Active
2138,2138,Basic,29,2026-09-13,,Active
2139,2139,Basic,29,2026-05-22,,Active
2140,2140,Basic,29,2026-06-12,,Active
2141,2141,Basic,29,2026-04-23,,Active
2142,2142,Basic,29,2026-10-09,,Active
2143,2143,Pro,45,2026-06-20,,Active
2144,2144,Pro,45,2026-02-13,,Active
2145,2145,Basic,29,2026-04-05,,Active
2146,2146,Pro,45,2026-11-04,,Active
2147,2147,Basic,29,2026-07-09,2026-07-12,Cancelled
2148,2148,Pro,45,2026-10-15,,Active
2149,2149,Pro,45,2026-11-07,,Active
2150,2150,Pro,45,2026-04-02,,Active
2151,2153,Growth,49,2026-06-20,,active
2152,2154,Growth,49,2026-06-20,,active
2153,2155,Pro,79,2026-06-20,,active
2154,2156,Growth,49,2026-06-20,,active
